measure,location,sex,age,cause,metric,year,val,upper,lower
Incidence,Hokkaidō,Male,Age-standardized,Schizophrenia,Rate,1990,19.247545952235573,23.028211682127683,16.007454167897688
Incidence,Hokkaidō,Female,Age-standardized,Schizophrenia,Rate,1990,16.064295802783196,18.97686284913721,13.520231551737046
Incidence,Hokkaidō,Male,Age-standardized,Schizophrenia,Rate,1991,19.298883328747525,23.04346389450826,16.229097602000625
Incidence,Hokkaidō,Female,Age-standardized,Schizophrenia,Rate,1991,16.037446606336427,18.911367451028333,13.539959333276204
Incidence,Hokkaidō,Male,Age-standardized,Schizophrenia,Rate,1992,19.340259287658064,23.028277223261963,16.319517415838035
Incidence,Hokkaidō,Female,Age-standardized,Schizophrenia,Rate,1992,16.01461299335467,18.881152767235612,13.533660752550588
Incidence,Hokkaidō,Male,Age-standardized,Schizophrenia,Rate,1993,19.37150284774667,23.154326639013874,16.34764209916087
Incidence,Hokkaidō,Female,Age-standardized,Schizophrenia,Rate,1993,15.99648581963617,18.874559463755954,13.50002056675987
Incidence,Hokkaidō,Male,Age-standardized,Schizophrenia,Rate,1994,19.392443027792808,23.123521036172605,16.38044592695963
Incidence,Hokkaidō,Female,Age-standardized,Schizophrenia,Rate,1994,15.983755940979165,18.87616853167747,13.558225408040503
Incidence,Hokkaidō,Male,Age-standardized,Schizophrenia,Rate,1995,19.40290884657595,23.19137544572388,16.289900403593723
Incidence,Hokkaidō,Female,Age-standardized,Schizophrenia,Rate,1995,15.977114213181887,18.943930141187685,13.500909211524078
Incidence,Hokkaidō,Male,Age-standardized,Schizophrenia,Rate,1996,19.395325176847795,23.083246902439836,16.348930003091265
Incidence,Hokkaidō,Female,Age-standardized,Schizophrenia,Rate,1996,15.977571604541101,18.8432455707885,13.51014512437433
Incidence,Hokkaidō,Male,Age-standardized,Schizophrenia,Rate,1997,19.3697092729596,22.948002213736466,16.325199344047874
Incidence,Hokkaidō,Female,Age-standardized,Schizophrenia,Rate,1997,15.983853672741676,18.82312182512967,13.498228590135925
Incidence,Hokkaidō,Male,Age-standardized,Schizophrenia,Rate,1998,19.3372787260902,22.825566027669755,16.26154750092971
Incidence,Hokkaidō,Female,Age-standardized,Schizophrenia,Rate,1998,15.993223157664037,18.78348079599274,13.449102455984969
Incidence,Hokkaidō,Male,Age-standardized,Schizophrenia,Rate,1999,19.309251127418428,22.76384641748243,16.30139006382344
Incidence,Hokkaidō,Female,Age-standardized,Schizophrenia,Rate,1999,16.00294279918862,18.843587586723142,13.379183144870423
Incidence,Hokkaidō,Male,Age-standardized,Schizophrenia,Rate,2000,19.296844068123107,22.854640517012307,16.183373823882018
Incidence,Hokkaidō,Female,Age-standardized,Schizophrenia,Rate,2000,16.010275337195846,18.871879721448725,13.30782270718764
Incidence,Hokkaidō,Male,Age-standardized,Schizophrenia,Rate,2001,19.299846538620777,22.80369915043641,16.277408049400858
Incidence,Hokkaidō,Female,Age-standardized,Schizophrenia,Rate,2001,16.01546803824504,18.86936788379421,13.40117398835239
Incidence,Hokkaidō,Male,Age-standardized,Schizophrenia,Rate,2002,19.308791445092687,22.81146225974376,16.208462273910335
Incidence,Hokkaidō,Female,Age-standardized,Schizophrenia,Rate,2002,16.021267278921798,18.943677790769907,13.424480059633602
Incidence,Hokkaidō,Male,Age-standardized,Schizophrenia,Rate,2003,19.321012252364703,22.86898015569914,16.317866519104296
Incidence,Hokkaidō,Female,Age-standardized,Schizophrenia,Rate,2003,16.02868446414594,18.96988512179391,13.497468933402896
Incidence,Hokkaidō,Male,Age-standardized,Schizophrenia,Rate,2004,19.333842425262734,23.109043248247563,16.25116710144836
Incidence,Hokkaidō,Female,Age-standardized,Schizophrenia,Rate,2004,16.038730998837288,19.08255112469264,13.459192691969086
Incidence,Hokkaidō,Male,Age-standardized,Schizophrenia,Rate,2005,19.344615428612645,22.99626728549461,16.189147246346234
Incidence,Hokkaidō,Female,Age-standardized,Schizophrenia,Rate,2005,16.052418287915653,19.127050820544024,13.427408043423947
Incidence,Hokkaidō,Male,Age-standardized,Schizophrenia,Rate,2006,19.357986522250794,23.065349790283097,16.31785987877461
Incidence,Hokkaidō,Female,Age-standardized,Schizophrenia,Rate,2006,16.09921045570653,19.271921480856683,13.519751784932891
Incidence,Hokkaidō,Male,Age-standardized,Schizophrenia,Rate,2007,19.377236502086646,23.011221313260354,16.357876010621787
Incidence,Hokkaidō,Female,Age-standardized,Schizophrenia,Rate,2007,16.19055549990731,19.279267614866995,13.603263664859472
Incidence,Hokkaidō,Male,Age-standardized,Schizophrenia,Rate,2008,19.397637137055764,22.969143568395992,16.428853573793614
Incidence,Hokkaidō,Female,Age-standardized,Schizophrenia,Rate,2008,16.30044063549568,19.30864444175282,13.716770399396447
Incidence,Hokkaidō,Male,Age-standardized,Schizophrenia,Rate,2009,19.4144601960937,22.939023604131595,16.48245584046262
Incidence,Hokkaidō,Female,Age-standardized,Schizophrenia,Rate,2009,16.40285307744932,19.532102675386138,13.855876858397776
Incidence,Hokkaidō,Male,Age-standardized,Schizophrenia,Rate,2010,19.422977448136,23.230569450677365,16.43158488110354
Incidence,Hokkaidō,Female,Age-standardized,Schizophrenia,Rate,2010,16.4717800407459,19.70013693023832,13.829221543625723
Incidence,Hokkaidō,Male,Age-standardized,Schizophrenia,Rate,2011,19.428485586802545,23.033128383054617,16.441771975722858
Incidence,Hokkaidō,Female,Age-standardized,Schizophrenia,Rate,2011,16.516008505752037,19.626020938751264,13.91094067914889
Incidence,Hokkaidō,Male,Age-standardized,Schizophrenia,Rate,2012,19.433842630148927,22.953538937832036,16.423520971181766
Incidence,Hokkaidō,Female,Age-standardized,Schizophrenia,Rate,2012,16.559160005118503,19.654638295634008,13.935367707778381
Incidence,Hokkaidō,Male,Age-standardized,Schizophrenia,Rate,2013,19.43066233376426,23.026279331585954,16.408188068177463
Incidence,Hokkaidō,Female,Age-standardized,Schizophrenia,Rate,2013,16.597473582249233,19.65412738000645,14.00695014528584
Incidence,Hokkaidō,Male,Age-standardized,Schizophrenia,Rate,2014,19.410558453237673,23.08384830760852,16.272586219696485
Incidence,Hokkaidō,Female,Age-standardized,Schizophrenia,Rate,2014,16.627188280548186,19.68803672731495,13.889764202571445
Incidence,Hokkaidō,Male,Age-standardized,Schizophrenia,Rate,2015,19.365144744158286,23.131550282948467,16.023625461717668
Incidence,Hokkaidō,Female,Age-standardized,Schizophrenia,Rate,2015,16.644543143419295,19.744669990505166,13.846037110707993
Incidence,Hokkaidō,Male,Age-standardized,Schizophrenia,Rate,2016,19.040643429796066,22.61333974545152,15.938741515781617
Incidence,Hokkaidō,Female,Age-standardized,Schizophrenia,Rate,2016,16.58582490780323,19.515081375183012,13.910674176711044
Incidence,Hokkaidō,Male,Age-standardized,Schizophrenia,Rate,2017,18.75415386483665,22.37883795468569,15.644867965983932
Incidence,Hokkaidō,Female,Age-standardized,Schizophrenia,Rate,2017,16.519492257235253,19.47302002374203,13.78442522642066
Incidence,Hokkaidō,Male,Age-standardized,Schizophrenia,Rate,2018,18.863915104604015,22.29948302972035,15.777684593093388
Incidence,Hokkaidō,Female,Age-standardized,Schizophrenia,Rate,2018,16.314607317706308,19.165262510784807,13.730341618997672
Incidence,Hokkaidō,Male,Age-standardized,Schizophrenia,Rate,2019,19.202111013889763,22.80864559850582,15.936777450257257
Incidence,Hokkaidō,Female,Age-standardized,Schizophrenia,Rate,2019,15.88915535719041,18.779866517906076,13.271632575353031
Incidence,Mie,Male,Age-standardized,Schizophrenia,Rate,1990,19.45512690536872,23.06201574832916,16.245520457441295
Incidence,Mie,Female,Age-standardized,Schizophrenia,Rate,1990,16.090461944647824,19.041566708816255,13.493538557727806
Incidence,Mie,Male,Age-standardized,Schizophrenia,Rate,1991,19.439895530780916,23.038937883370703,16.20290231211938
Incidence,Mie,Female,Age-standardized,Schizophrenia,Rate,1991,16.050417709392676,18.842622264284515,13.484292948993913
Incidence,Mie,Male,Age-standardized,Schizophrenia,Rate,1992,19.423927624101466,22.89627925641149,16.369622135531333
Incidence,Mie,Female,Age-standardized,Schizophrenia,Rate,1992,16.01679164397134,18.778946093877046,13.460216933875149
Incidence,Mie,Male,Age-standardized,Schizophrenia,Rate,1993,19.408512576725812,22.920757079873745,16.348326785489522
Incidence,Mie,Female,Age-standardized,Schizophrenia,Rate,1993,15.990879919075674,18.69425105804794,13.452729005706635
Incidence,Mie,Male,Age-standardized,Schizophrenia,Rate,1994,19.39493978004942,22.952959412905013,16.297682213558538
Incidence,Mie,Female,Age-standardized,Schizophrenia,Rate,1994,15.973978705397524,18.714964130501635,13.382360590393143
Incidence,Mie,Male,Age-standardized,Schizophrenia,Rate,1995,19.384498625467735,23.08601412814903,16.29593582080069
Incidence,Mie,Female,Age-standardized,Schizophrenia,Rate,1995,15.967384173628746,18.79849431163594,13.334766314263844
Incidence,Mie,Male,Age-standardized,Schizophrenia,Rate,1996,19.371795085368323,22.926424299202694,16.323258645494587
Incidence,Mie,Female,Age-standardized,Schizophrenia,Rate,1996,15.972713178627579,18.75102772174099,13.445059000178885
Incidence,Mie,Male,Age-standardized,Schizophrenia,Rate,1997,19.353173825997956,22.926363476439985,16.30951644167487
Incidence,Mie,Female,Age-standardized,Schizophrenia,Rate,1997,15.987016783498115,18.765611857122146,13.513445571514392
Incidence,Mie,Male,Age-standardized,Schizophrenia,Rate,1998,19.332532279540906,22.902002307999258,16.2757613040002
Incidence,Mie,Female,Age-standardized,Schizophrenia,Rate,1998,16.004742471300982,18.829224559187203,13.491108630456068
Incidence,Mie,Male,Age-standardized,Schizophrenia,Rate,1999,19.31376787818146,22.86278139939822,16.23836749324894
Incidence,Mie,Female,Age-standardized,Schizophrenia,Rate,1999,16.020337725096816,18.905954981825484,13.491729221833829
Incidence,Mie,Male,Age-standardized,Schizophrenia,Rate,2000,19.300778054103883,22.886916886658366,16.07889753671702
Incidence,Mie,Female,Age-standardized,Schizophrenia,Rate,2000,16.028250027946246,18.97301278515924,13.438573932449742
Incidence,Mie,Male,Age-standardized,Schizophrenia,Rate,2001,19.28797274759928,22.69181450962722,16.18292869995017
Incidence,Mie,Female,Age-standardized,Schizophrenia,Rate,2001,16.029045502938047,18.854661204828115,13.5066280670778
Incidence,Mie,Male,Age-standardized,Schizophrenia,Rate,2002,19.270173965961256,22.60255231882291,16.21282514946689
Incidence,Mie,Female,Age-standardized,Schizophrenia,Rate,2002,16.028083266643772,19.004135094981642,13.532463955554643
Incidence,Mie,Male,Age-standardized,Schizophrenia,Rate,2003,19.25189724187788,22.553669140942038,16.236629157448874
Incidence,Mie,Female,Age-standardized,Schizophrenia,Rate,2003,16.027000292348234,19.064195854702284,13.470592819659107
Incidence,Mie,Male,Age-standardized,Schizophrenia,Rate,2004,19.23765810803721,22.57203410775615,16.181524373076826
Incidence,Mie,Female,Age-standardized,Schizophrenia,Rate,2004,16.027433553336248,19.16011609118944,13.41431715421671
Incidence,Mie,Male,Age-standardized,Schizophrenia,Rate,2005,19.231972097127297,22.64693613823647,16.116188566385706
Incidence,Mie,Female,Age-standardized,Schizophrenia,Rate,2005,16.03102002289262,19.23147813460769,13.325675997106798
Incidence,Mie,Male,Age-standardized,Schizophrenia,Rate,2006,19.245951865334504,22.63998299064221,16.17524553254179
Incidence,Mie,Female,Age-standardized,Schizophrenia,Rate,2006,16.06865941128598,19.19429267141136,13.419467206314035
Incidence,Mie,Male,Age-standardized,Schizophrenia,Rate,2007,19.280023961099864,22.5822985350057,16.254147720929094
Incidence,Mie,Female,Age-standardized,Schizophrenia,Rate,2007,16.15261076428045,19.233041734408815,13.469706350980783
Incidence,Mie,Male,Age-standardized,Schizophrenia,Rate,2008,19.32267475549347,22.64963734295369,16.34797556301213
Incidence,Mie,Female,Age-standardized,Schizophrenia,Rate,2008,16.256550058404077,19.30042935117685,13.629484111335312
Incidence,Mie,Male,Age-standardized,Schizophrenia,Rate,2009,19.362390619585426,22.76486008723687,16.326931953037516
Incidence,Mie,Female,Age-standardized,Schizophrenia,Rate,2009,16.35415327018492,19.404970726561416,13.690001081283269
Incidence,Mie,Male,Age-standardized,Schizophrenia,Rate,2010,19.387657924445822,22.950479878291635,16.287267688233744
Incidence,Mie,Female,Age-standardized,Schizophrenia,Rate,2010,16.419096376151032,19.528660886599177,13.754312424056101
Incidence,Mie,Male,Age-standardized,Schizophrenia,Rate,2011,19.40215655448077,22.801079901104416,16.339451903031406
Incidence,Mie,Female,Age-standardized,Schizophrenia,Rate,2011,16.458933774406383,19.55313361306205,13.819918187445317
Incidence,Mie,Male,Age-standardized,Schizophrenia,Rate,2012,19.411926701451904,22.80113226708238,16.35517534309607
Incidence,Mie,Female,Age-standardized,Schizophrenia,Rate,2012,16.498601963189817,19.51167237994438,13.914066763353258
Incidence,Mie,Male,Age-standardized,Schizophrenia,Rate,2013,19.40899519746263,22.85201184720042,16.3185229309984
Incidence,Mie,Female,Age-standardized,Schizophrenia,Rate,2013,16.537850069231666,19.576582605060974,13.905776215791192
Incidence,Mie,Male,Age-standardized,Schizophrenia,Rate,2014,19.385388874616357,22.805177906337743,16.187054392518345
Incidence,Mie,Female,Age-standardized,Schizophrenia,Rate,2014,16.576427219262253,19.57840635261371,13.91342396889681
Incidence,Mie,Male,Age-standardized,Schizophrenia,Rate,2015,19.333134565016486,22.754667242096964,16.163590542527334
Incidence,Mie,Female,Age-standardized,Schizophrenia,Rate,2015,16.61408254001192,19.637003016299253,13.869789415543458
Incidence,Mie,Male,Age-standardized,Schizophrenia,Rate,2016,19.0288732448639,22.297929285787628,16.023488939830262
Incidence,Mie,Female,Age-standardized,Schizophrenia,Rate,2016,16.64438913511978,19.53304292865891,13.975653484076238
Incidence,Mie,Male,Age-standardized,Schizophrenia,Rate,2017,18.76547409304763,22.07618970506516,15.648952941894768
Incidence,Mie,Female,Age-standardized,Schizophrenia,Rate,2017,16.650823433742595,19.616860623277226,13.833822652911904
Incidence,Mie,Male,Age-standardized,Schizophrenia,Rate,2018,18.847027573134987,22.208379526460167,15.879311465117162
Incidence,Mie,Female,Age-standardized,Schizophrenia,Rate,2018,16.426619607368913,19.393043005743607,13.828531806824818
Incidence,Mie,Male,Age-standardized,Schizophrenia,Rate,2019,19.11213487256515,22.694384873133888,15.997987766434699
Incidence,Mie,Female,Age-standardized,Schizophrenia,Rate,2019,15.934219745564308,18.893970189713208,13.40267289703247
Incidence,Miyagi,Male,Age-standardized,Schizophrenia,Rate,1990,19.26984097657308,22.846148531810996,16.007549018842774
Incidence,Miyagi,Female,Age-standardized,Schizophrenia,Rate,1990,16.091143766495335,18.810942802934186,13.441374498886528
Incidence,Miyagi,Male,Age-standardized,Schizophrenia,Rate,1991,19.285190590438212,22.82125923611769,16.170024409960398
Incidence,Miyagi,Female,Age-standardized,Schizophrenia,Rate,1991,16.062216623134255,18.80782409797583,13.511457306498784
Incidence,Miyagi,Male,Age-standardized,Schizophrenia,Rate,1992,19.297827149456047,22.89008987603867,16.283454423674176
Incidence,Miyagi,Female,Age-standardized,Schizophrenia,Rate,1992,16.03699659183941,18.873395457181395,13.468384644181356
Incidence,Miyagi,Male,Age-standardized,Schizophrenia,Rate,1993,19.307318184581185,22.914684555699413,16.316611388262807
Incidence,Miyagi,Female,Age-standardized,Schizophrenia,Rate,1993,16.016414694760556,18.809707397817096,13.451785799009459
Incidence,Miyagi,Male,Age-standardized,Schizophrenia,Rate,1994,19.313231226768195,22.94350640624499,16.288269117536526
Incidence,Miyagi,Female,Age-standardized,Schizophrenia,Rate,1994,16.001401954047445,18.873582991594457,13.470784293952347
Incidence,Miyagi,Male,Age-standardized,Schizophrenia,Rate,1995,19.315133806971687,22.859448305551776,16.269923542235286
Incidence,Miyagi,Female,Age-standardized,Schizophrenia,Rate,1995,15.992889391849834,19.05440595978484,13.437157715557115
Incidence,Miyagi,Male,Age-standardized,Schizophrenia,Rate,1996,19.31203048170384,22.90867689519245,16.252741794343564
Incidence,Miyagi,Female,Age-standardized,Schizophrenia,Rate,1996,15.99189194293708,19.011801754038345,13.425676469753267
Incidence,Miyagi,Male,Age-standardized,Schizophrenia,Rate,1997,19.3046913719458,22.845132963084804,16.25662357115697
Incidence,Miyagi,Female,Age-standardized,Schizophrenia,Rate,1997,15.996693171074583,18.893825201250188,13.424455536911243
Incidence,Miyagi,Male,Age-standardized,Schizophrenia,Rate,1998,19.295332355355594,22.682384963741143,16.293964807628534
Incidence,Miyagi,Female,Age-standardized,Schizophrenia,Rate,1998,16.004127041906127,18.828225226957944,13.471262246674812
Incidence,Miyagi,Male,Age-standardized,Schizophrenia,Rate,1999,19.286169309591234,22.78983603064372,16.289338613062608
Incidence,Miyagi,Female,Age-standardized,Schizophrenia,Rate,1999,16.011027521075516,18.890816940163685,13.416115037099454
Incidence,Miyagi,Male,Age-standardized,Schizophrenia,Rate,2000,19.27941811231073,22.922228916750615,16.237136680970046
Incidence,Miyagi,Female,Age-standardized,Schizophrenia,Rate,2000,16.014228574226557,18.99189883407188,13.348730386058776
Incidence,Miyagi,Male,Age-standardized,Schizophrenia,Rate,2001,19.27143883992694,22.842778761183418,16.283277634836033
Incidence,Miyagi,Female,Age-standardized,Schizophrenia,Rate,2001,16.010101403985303,18.981799291351265,13.429651558846134
Incidence,Miyagi,Male,Age-standardized,Schizophrenia,Rate,2002,19.259737539634767,22.82380149142147,16.233948445438667
Incidence,Miyagi,Female,Age-standardized,Schizophrenia,Rate,2002,16.00116399660276,18.97082823178508,13.392369977959245
Incidence,Miyagi,Male,Age-standardized,Schizophrenia,Rate,2003,19.24824904526529,22.64885422290236,16.223823941795782
Incidence,Miyagi,Female,Age-standardized,Schizophrenia,Rate,2003,15.993470493160162,19.001879110492478,13.359151572285484
Incidence,Miyagi,Male,Age-standardized,Schizophrenia,Rate,2004,19.24090819064959,22.76874154285706,16.259246656368752
Incidence,Miyagi,Female,Age-standardized,Schizophrenia,Rate,2004,15.993075034738741,19.015206670871294,13.382656140925498
Incidence,Miyagi,Male,Age-standardized,Schizophrenia,Rate,2005,19.24164980961876,22.82040280789015,16.190862076948623
Incidence,Miyagi,Female,Age-standardized,Schizophrenia,Rate,2005,16.00603176241972,19.060445863056042,13.410660904898991
Incidence,Miyagi,Male,Age-standardized,Schizophrenia,Rate,2006,19.266304752195857,22.84406108616727,16.220633782341157
Incidence,Miyagi,Female,Age-standardized,Schizophrenia,Rate,2006,16.05425605195715,19.107981735658733,13.423959929893044
Incidence,Miyagi,Male,Age-standardized,Schizophrenia,Rate,2007,19.317028420912003,22.89196102328228,16.220338803170762
Incidence,Miyagi,Female,Age-standardized,Schizophrenia,Rate,2007,16.140767261878132,19.20471394725834,13.5460478713597
Incidence,Miyagi,Male,Age-standardized,Schizophrenia,Rate,2008,19.37724247836037,22.94596553240171,16.223176840412854
Incidence,Miyagi,Female,Age-standardized,Schizophrenia,Rate,2008,16.243275507423515,19.256392989630946,13.603528776817196
Incidence,Miyagi,Male,Age-standardized,Schizophrenia,Rate,2009,19.430368587134133,23.125797582539192,16.26287878157874
Incidence,Miyagi,Female,Age-standardized,Schizophrenia,Rate,2009,16.339490903834132,19.406769819886737,13.633910379993292
Incidence,Miyagi,Male,Age-standardized,Schizophrenia,Rate,2010,19.459828409826457,23.26669301923758,16.20216246122313
Incidence,Miyagi,Female,Age-standardized,Schizophrenia,Rate,2010,16.407123566350826,19.615758637414782,13.61728331492149
Incidence,Miyagi,Male,Age-standardized,Schizophrenia,Rate,2011,19.463444547460945,23.123782382730116,16.257930726090823
Incidence,Miyagi,Female,Age-standardized,Schizophrenia,Rate,2011,16.455105611478892,19.59407744355063,13.762259606786344
Incidence,Miyagi,Male,Age-standardized,Schizophrenia,Rate,2012,19.45039002812178,23.085591298544838,16.31633822421365
Incidence,Miyagi,Female,Age-standardized,Schizophrenia,Rate,2012,16.505515987416228,19.573813904552402,13.850388867746931
Incidence,Miyagi,Male,Age-standardized,Schizophrenia,Rate,2013,19.421112154993082,23.067763041739337,16.307412588269212
Incidence,Miyagi,Female,Age-standardized,Schizophrenia,Rate,2013,16.555785056942597,19.539916557262156,13.90911519426227
Incidence,Miyagi,Male,Age-standardized,Schizophrenia,Rate,2014,19.376058231258938,22.907785469200174,16.297587097558257
Incidence,Miyagi,Female,Age-standardized,Schizophrenia,Rate,2014,16.603343182837765,19.632225501448435,13.93876865522684
Incidence,Miyagi,Male,Age-standardized,Schizophrenia,Rate,2015,19.315675560103458,22.919067219362624,16.162654684753225
Incidence,Miyagi,Female,Age-standardized,Schizophrenia,Rate,2015,16.645620727881493,19.68717634381091,13.909096030936306
Incidence,Miyagi,Male,Age-standardized,Schizophrenia,Rate,2016,19.053888489186505,22.487611491478166,16.009092085338857
Incidence,Miyagi,Female,Age-standardized,Schizophrenia,Rate,2016,16.634782766656308,19.552576372238587,13.98348361024187
Incidence,Miyagi,Male,Age-standardized,Schizophrenia,Rate,2017,18.834090568858798,22.234095398867577,15.705751796916726
Incidence,Miyagi,Female,Age-standardized,Schizophrenia,Rate,2017,16.60173904730781,19.66457157283354,13.787572684781894
Incidence,Miyagi,Male,Age-standardized,Schizophrenia,Rate,2018,18.915312515455128,22.394752858943143,15.801411744589597
Incidence,Miyagi,Female,Age-standardized,Schizophrenia,Rate,2018,16.404257718609955,19.386024041851968,13.602938699848185
Incidence,Miyagi,Male,Age-standardized,Schizophrenia,Rate,2019,19.16543274882503,22.964770942783854,15.940013423799954
Incidence,Miyagi,Female,Age-standardized,Schizophrenia,Rate,2019,15.97862104973542,18.907558917242973,13.202080971574865
Incidence,Ōsaka,Male,Age-standardized,Schizophrenia,Rate,1990,19.285697175533947,22.730450588399865,16.130474522256858
Incidence,Ōsaka,Female,Age-standardized,Schizophrenia,Rate,1990,16.0839195978204,18.9128897745029,13.372484109368513
Incidence,Ōsaka,Male,Age-standardized,Schizophrenia,Rate,1991,19.30762258152811,22.841198879013053,16.194365517604464
Incidence,Ōsaka,Female,Age-standardized,Schizophrenia,Rate,1991,16.050034277141943,18.837620635110696,13.386661069331643
Incidence,Ōsaka,Male,Age-standardized,Schizophrenia,Rate,1992,19.32234036030559,22.901272397676635,16.284525543119155
Incidence,Ōsaka,Female,Age-standardized,Schizophrenia,Rate,1992,16.020594459506786,18.83410251938359,13.420383193095777
Incidence,Ōsaka,Male,Age-standardized,Schizophrenia,Rate,1993,19.33099010180177,23.00866193820114,16.27593771598952
Incidence,Ōsaka,Female,Age-standardized,Schizophrenia,Rate,1993,15.996720930957059,18.877694372420745,13.420099176727675
Incidence,Ōsaka,Male,Age-standardized,Schizophrenia,Rate,1994,19.334711395952056,23.032013140063537,16.18102084765379
Incidence,Ōsaka,Female,Age-standardized,Schizophrenia,Rate,1994,15.979534477534912,18.930632542653054,13.424445151493662
Incidence,Ōsaka,Male,Age-standardized,Schizophrenia,Rate,1995,19.334643832691828,23.112309249685985,16.17353671280335
Incidence,Ōsaka,Female,Age-standardized,Schizophrenia,Rate,1995,15.970155885282471,19.00378376356447,13.326549023652785
Incidence,Ōsaka,Male,Age-standardized,Schizophrenia,Rate,1996,19.321341633382467,23.00218784956221,16.121146889862153
Incidence,Ōsaka,Female,Age-standardized,Schizophrenia,Rate,1996,15.968035616771811,18.92985220419506,13.395679907466311
Incidence,Ōsaka,Male,Age-standardized,Schizophrenia,Rate,1997,19.291907375955343,22.919359963366023,16.048787034171593
Incidence,Ōsaka,Female,Age-standardized,Schizophrenia,Rate,1997,15.970518620271385,18.88815224563921,13.332452064300155
Incidence,Ōsaka,Male,Age-standardized,Schizophrenia,Rate,1998,19.257303185200847,22.866946687481583,16.007722351010486
Incidence,Ōsaka,Female,Age-standardized,Schizophrenia,Rate,1998,15.975567410367914,18.970458358171665,13.332177794621703
Incidence,Ōsaka,Male,Age-standardized,Schizophrenia,Rate,1999,19.228491185909373,22.823670079984012,15.949008745503386
Incidence,Ōsaka,Female,Age-standardized,Schizophrenia,Rate,1999,15.981144501648128,19.004782428493936,13.342017089265955
Incidence,Ōsaka,Male,Age-standardized,Schizophrenia,Rate,2000,19.21643350287131,22.8328715839714,15.956555232533852
Incidence,Ōsaka,Female,Age-standardized,Schizophrenia,Rate,2000,15.985212408698752,19.026852855989755,13.340160364996311
Incidence,Ōsaka,Male,Age-standardized,Schizophrenia,Rate,2001,19.225125986605473,22.86730477192215,15.978664371829737
Incidence,Ōsaka,Female,Age-standardized,Schizophrenia,Rate,2001,15.98955832892357,18.988954618876672,13.36008801030293
Incidence,Ōsaka,Male,Age-standardized,Schizophrenia,Rate,2002,19.24674690365132,22.964322318586188,16.036052662571223
Incidence,Ōsaka,Female,Age-standardized,Schizophrenia,Rate,2002,15.997199097108844,19.06896662833515,13.405893285969427
Incidence,Ōsaka,Male,Age-standardized,Schizophrenia,Rate,2003,19.274532002830213,22.91941628866715,16.157525016217814
Incidence,Ōsaka,Female,Age-standardized,Schizophrenia,Rate,2003,16.007941683915,18.972852111813552,13.421508708196987
Incidence,Ōsaka,Male,Age-standardized,Schizophrenia,Rate,2004,19.301717032963523,23.016823161954026,16.132766966344988
Incidence,Ōsaka,Female,Age-standardized,Schizophrenia,Rate,2004,16.021593060002466,18.91326495692566,13.36688384453595
Incidence,Ōsaka,Male,Age-standardized,Schizophrenia,Rate,2005,19.321537742872607,23.08162545231776,16.033945999121087
Incidence,Ōsaka,Female,Age-standardized,Schizophrenia,Rate,2005,16.037960196031666,18.857254994963363,13.301742849591141
Incidence,Ōsaka,Male,Age-standardized,Schizophrenia,Rate,2006,19.33715111517816,23.00169479477807,16.121526084327673
Incidence,Ōsaka,Female,Age-standardized,Schizophrenia,Rate,2006,16.08856929144312,18.946331465846875,13.44687804752169
Incidence,Ōsaka,Male,Age-standardized,Schizophrenia,Rate,2007,19.354973048276236,22.946166749918344,16.220763950493144
Incidence,Ōsaka,Female,Age-standardized,Schizophrenia,Rate,2007,16.18643383197674,19.1825675149422,13.599687531666813
Incidence,Ōsaka,Male,Age-standardized,Schizophrenia,Rate,2008,19.37312766465129,23.00239758170957,16.229318461410077
Incidence,Ōsaka,Female,Age-standardized,Schizophrenia,Rate,2008,16.303591717742,19.304058022359374,13.788457385503545
Incidence,Ōsaka,Male,Age-standardized,Schizophrenia,Rate,2009,19.389739086787777,23.039975161435475,16.151804666857927
Incidence,Ōsaka,Female,Age-standardized,Schizophrenia,Rate,2009,16.412080848848397,19.421747405053313,13.890179245168842
Incidence,Ōsaka,Male,Age-standardized,Schizophrenia,Rate,2010,19.402931437170132,23.12194732856406,16.111893938219154
Incidence,Ōsaka,Female,Age-standardized,Schizophrenia,Rate,2010,16.483939125405417,19.58087316118146,13.910280444095386
Incidence,Ōsaka,Male,Age-standardized,Schizophrenia,Rate,2011,19.4109209077517,23.006621713048734,16.17705416351216
Incidence,Ōsaka,Female,Age-standardized,Schizophrenia,Rate,2011,16.52570957793136,19.552180213046054,14.01556620999074
Incidence,Ōsaka,Male,Age-standardized,Schizophrenia,Rate,2012,19.410732234515297,22.9188127039128,16.240680302523316
Incidence,Ōsaka,Female,Age-standardized,Schizophrenia,Rate,2012,16.562885697841057,19.49359327005176,14.05184611064401
Incidence,Ōsaka,Male,Age-standardized,Schizophrenia,Rate,2013,19.398702355989524,22.847176586651493,16.281351582227998
Incidence,Ōsaka,Female,Age-standardized,Schizophrenia,Rate,2013,16.595931076588826,19.50205941219404,14.022504275564996
Incidence,Ōsaka,Male,Age-standardized,Schizophrenia,Rate,2014,19.371168210702997,22.843234801895154,16.31482455648943
Incidence,Ōsaka,Female,Age-standardized,Schizophrenia,Rate,2014,16.62530930562896,19.462141542926005,13.998853257641024
Incidence,Ōsaka,Male,Age-standardized,Schizophrenia,Rate,2015,19.32446673718433,22.91629554810847,16.191599475741775
Incidence,Ōsaka,Female,Age-standardized,Schizophrenia,Rate,2015,16.651483976415765,19.507067597378448,13.944555987514516
Incidence,Ōsaka,Male,Age-standardized,Schizophrenia,Rate,2016,19.032163053107837,22.457672206539627,16.064081783040425
Incidence,Ōsaka,Female,Age-standardized,Schizophrenia,Rate,2016,16.632452778857726,19.535698224704504,14.067254885945042
Incidence,Ōsaka,Male,Age-standardized,Schizophrenia,Rate,2017,18.773569232200828,22.199200952044105,15.723305576926915
Incidence,Ōsaka,Female,Age-standardized,Schizophrenia,Rate,2017,16.591571340211914,19.553440592527448,13.978359303742259
Incidence,Ōsaka,Male,Age-standardized,Schizophrenia,Rate,2018,18.86437313308079,22.38457441986557,15.86626733559952
Incidence,Ōsaka,Female,Age-standardized,Schizophrenia,Rate,2018,16.37076708516048,19.33112932120349,13.847812410434344
Incidence,Ōsaka,Male,Age-standardized,Schizophrenia,Rate,2019,19.150290636629485,22.88397032913669,15.951451804062849
Incidence,Ōsaka,Female,Age-standardized,Schizophrenia,Rate,2019,15.908903902880905,18.781559143223237,13.298822029818405
Incidence,Fukushima,Male,Age-standardized,Schizophrenia,Rate,1990,19.294156614334813,22.750770023961678,16.179658105913216
Incidence,Fukushima,Female,Age-standardized,Schizophrenia,Rate,1990,16.088029667789474,18.94133760731957,13.429998451069771
Incidence,Fukushima,Male,Age-standardized,Schizophrenia,Rate,1991,19.329173574872065,22.733284389237078,16.20273002838483
Incidence,Fukushima,Female,Age-standardized,Schizophrenia,Rate,1991,16.051075579186634,18.866498975195196,13.452215959230925
Incidence,Fukushima,Male,Age-standardized,Schizophrenia,Rate,1992,19.35640023742858,22.873902155533262,16.174856177512282
Incidence,Fukushima,Female,Age-standardized,Schizophrenia,Rate,1992,16.01790655810108,18.865340296014107,13.387390153740897
Incidence,Fukushima,Male,Age-standardized,Schizophrenia,Rate,1993,19.375995380313896,22.83432320982569,16.23550781632426
Incidence,Fukushima,Female,Age-standardized,Schizophrenia,Rate,1993,15.991004001890387,18.86425692274546,13.335448662133071
Incidence,Fukushima,Male,Age-standardized,Schizophrenia,Rate,1994,19.388117781837572,22.949385060326627,16.2583423529527
Incidence,Fukushima,Female,Age-standardized,Schizophrenia,Rate,1994,15.972849307912089,18.87191932636508,13.363331739890544
Incidence,Fukushima,Male,Age-standardized,Schizophrenia,Rate,1995,19.392926220309164,23.05001153578776,16.157313192713364
Incidence,Fukushima,Female,Age-standardized,Schizophrenia,Rate,1995,15.965923873523758,18.903776633113065,13.336615995542012
Incidence,Fukushima,Male,Age-standardized,Schizophrenia,Rate,1996,19.382659302101672,22.98593830622592,16.16519185441148
Incidence,Fukushima,Female,Age-standardized,Schizophrenia,Rate,1996,15.966148902832128,18.981853923725964,13.332053507633253
Incidence,Fukushima,Male,Age-standardized,Schizophrenia,Rate,1997,19.356175791336245,22.9544385620316,16.132633524621074
Incidence,Fukushima,Female,Age-standardized,Schizophrenia,Rate,1997,15.967659184292039,18.94600320739445,13.31150693253675
Incidence,Fukushima,Male,Age-standardized,Schizophrenia,Rate,1998,19.323564702944637,23.07613609998177,16.034484829353648
Incidence,Fukushima,Female,Age-standardized,Schizophrenia,Rate,1998,15.970256491783204,18.98845780885767,13.29089670948639
Incidence,Fukushima,Male,Age-standardized,Schizophrenia,Rate,1999,19.29491505185861,23.03041315954468,16.002107607615905
Incidence,Fukushima,Female,Age-standardized,Schizophrenia,Rate,1999,15.97374259918533,19.09906446479572,13.310334370817458
Incidence,Fukushima,Male,Age-standardized,Schizophrenia,Rate,2000,19.28031585300991,23.071122999802633,15.92047239001366
Incidence,Fukushima,Female,Age-standardized,Schizophrenia,Rate,2000,15.977919280378133,19.09633316068798,13.269782658618766
Incidence,Fukushima,Male,Age-standardized,Schizophrenia,Rate,2001,19.277027573329907,22.959475655111678,16.011714904358378
Incidence,Fukushima,Female,Age-standardized,Schizophrenia,Rate,2001,15.98685712330835,19.07406494981556,13.275490145272405
Incidence,Fukushima,Male,Age-standardized,Schizophrenia,Rate,2002,19.27556428997983,22.797418371803303,16.09678729803673
Incidence,Fukushima,Female,Age-standardized,Schizophrenia,Rate,2002,16.002552489350474,19.15022134816399,13.340540180491011
Incidence,Fukushima,Male,Age-standardized,Schizophrenia,Rate,2003,19.275895433236254,22.927211523000466,16.151123661484036
Incidence,Fukushima,Female,Age-standardized,Schizophrenia,Rate,2003,16.021695812525813,19.12398590954652,13.304264940792741
Incidence,Fukushima,Male,Age-standardized,Schizophrenia,Rate,2004,19.27799043337576,22.985593546478885,16.139294085215806
Incidence,Fukushima,Female,Age-standardized,Schizophrenia,Rate,2004,16.0409775268557,19.155754201884818,13.254431520234677
Incidence,Fukushima,Male,Age-standardized,Schizophrenia,Rate,2005,19.281818720674902,23.11811835471871,16.134081096394784
Incidence,Fukushima,Female,Age-standardized,Schizophrenia,Rate,2005,16.05708806636146,19.19778068841286,13.23269870690742
Incidence,Fukushima,Male,Age-standardized,Schizophrenia,Rate,2006,19.298571095173827,23.10939016846526,16.147013992352722
Incidence,Fukushima,Female,Age-standardized,Schizophrenia,Rate,2006,16.105122800797105,19.22054283524249,13.345709267329902
Incidence,Fukushima,Male,Age-standardized,Schizophrenia,Rate,2007,19.331979846747245,23.107943087292483,16.186174063922316
Incidence,Fukushima,Female,Age-standardized,Schizophrenia,Rate,2007,16.20267334788948,19.303902805390745,13.482438085478092
Incidence,Fukushima,Male,Age-standardized,Schizophrenia,Rate,2008,19.37082664042358,23.021112958043034,16.202495251726805
Incidence,Fukushima,Female,Age-standardized,Schizophrenia,Rate,2008,16.32017451361911,19.274728035396056,13.678460487065824
Incidence,Fukushima,Male,Age-standardized,Schizophrenia,Rate,2009,19.403893141231293,22.984639363742833,16.209392795802387
Incidence,Fukushima,Female,Age-standardized,Schizophrenia,Rate,2009,16.428061103966535,19.368012149982892,13.816928825111257
Incidence,Fukushima,Male,Age-standardized,Schizophrenia,Rate,2010,19.419961014198822,23.128443732278633,16.158956522144184
Incidence,Fukushima,Female,Age-standardized,Schizophrenia,Rate,2010,16.49676792491229,19.560072901182885,13.941400845953282
Incidence,Fukushima,Male,Age-standardized,Schizophrenia,Rate,2011,19.420252459815316,23.042729384215384,16.234896139814076
Incidence,Fukushima,Female,Age-standardized,Schizophrenia,Rate,2011,16.536035004917338,19.51394569498643,14.023716737469169
Incidence,Fukushima,Male,Age-standardized,Schizophrenia,Rate,2012,19.4121325416947,22.948998472639623,16.23455081354425
Incidence,Fukushima,Female,Age-standardized,Schizophrenia,Rate,2012,16.57430395936821,19.516030108303212,13.971760029790229
Incidence,Fukushima,Male,Age-standardized,Schizophrenia,Rate,2013,19.393597219552575,22.9609800901831,16.21312079780012
Incidence,Fukushima,Female,Age-standardized,Schizophrenia,Rate,2013,16.610061974633787,19.661832831588356,13.989348945444808
Incidence,Fukushima,Male,Age-standardized,Schizophrenia,Rate,2014,19.36264245310454,22.994436697385897,16.192010170556163
Incidence,Fukushima,Female,Age-standardized,Schizophrenia,Rate,2014,16.64179623708295,19.723225316573593,13.989854524550916
Incidence,Fukushima,Male,Age-standardized,Schizophrenia,Rate,2015,19.317264202066195,23.002889070566404,16.192368783099656
Incidence,Fukushima,Female,Age-standardized,Schizophrenia,Rate,2015,16.667993933084585,19.820872974549935,13.964863632875835
Incidence,Fukushima,Male,Age-standardized,Schizophrenia,Rate,2016,19.036056234571692,22.44884177260114,15.934179550466142
Incidence,Fukushima,Female,Age-standardized,Schizophrenia,Rate,2016,16.620763993418784,19.65733387950062,13.933520204736583
Incidence,Fukushima,Male,Age-standardized,Schizophrenia,Rate,2017,18.795496759832538,22.093715830677137,15.431214155347943
Incidence,Fukushima,Female,Age-standardized,Schizophrenia,Rate,2017,16.560333423179657,19.77109700423818,13.851788481132854
Incidence,Fukushima,Male,Age-standardized,Schizophrenia,Rate,2018,18.886926169292636,22.193936575827475,15.82813038865795
Incidence,Fukushima,Female,Age-standardized,Schizophrenia,Rate,2018,16.357044502889334,19.34488240153992,13.688875145189753
Incidence,Fukushima,Male,Age-standardized,Schizophrenia,Rate,2019,19.15116328415784,22.759146507565568,16.020029209765358
Incidence,Fukushima,Female,Age-standardized,Schizophrenia,Rate,2019,15.932294159128995,18.98916738774043,13.240718879952173
Incidence,Wakayama,Male,Age-standardized,Schizophrenia,Rate,1990,19.331738804147765,22.960311588210054,15.95116779856155
Incidence,Wakayama,Female,Age-standardized,Schizophrenia,Rate,1990,16.151096769267504,19.043306889189136,13.435468775205953
Incidence,Wakayama,Male,Age-standardized,Schizophrenia,Rate,1991,19.351100131901894,22.88154463239995,16.033806346331087
Incidence,Wakayama,Female,Age-standardized,Schizophrenia,Rate,1991,16.111693401315303,18.898186175534146,13.441902722288864
Incidence,Wakayama,Male,Age-standardized,Schizophrenia,Rate,1992,19.364915505349217,22.795778375011402,16.186293347443417
Incidence,Wakayama,Female,Age-standardized,Schizophrenia,Rate,1992,16.07654823528743,18.842774725720616,13.447740400403953
Incidence,Wakayama,Male,Age-standardized,Schizophrenia,Rate,1993,19.373746299856265,22.908189932104225,16.25605617445637
Incidence,Wakayama,Female,Age-standardized,Schizophrenia,Rate,1993,16.04770818310075,18.76259072209886,13.434827098777077
Incidence,Wakayama,Male,Age-standardized,Schizophrenia,Rate,1994,19.378153890789573,23.028945305454222,16.297628730715687
Incidence,Wakayama,Female,Age-standardized,Schizophrenia,Rate,1994,16.02722015667213,18.78679597368738,13.382011108316675
Incidence,Wakayama,Male,Age-standardized,Schizophrenia,Rate,1995,19.378699653515664,22.856748386007826,16.3002589409985
Incidence,Wakayama,Female,Age-standardized,Schizophrenia,Rate,1995,16.017131067918434,18.83778106528935,13.391921873637399
Incidence,Wakayama,Male,Age-standardized,Schizophrenia,Rate,1996,19.368358181291264,22.875928137736917,16.28100881514289
Incidence,Wakayama,Female,Age-standardized,Schizophrenia,Rate,1996,16.014881333026075,18.816213861501257,13.418728769555756
Incidence,Wakayama,Male,Age-standardized,Schizophrenia,Rate,1997,19.345220333711012,22.858623183726163,16.33557593028404
Incidence,Wakayama,Female,Age-standardized,Schizophrenia,Rate,1997,16.01549290234418,18.82077932217889,13.458243063755155
Incidence,Wakayama,Male,Age-standardized,Schizophrenia,Rate,1998,19.317521885648336,22.872608563003404,16.2274625732841
Incidence,Wakayama,Female,Age-standardized,Schizophrenia,Rate,1998,16.017384989033705,18.751755082705102,13.450448216374932
Incidence,Wakayama,Male,Age-standardized,Schizophrenia,Rate,1999,19.293498611976663,22.807723636961168,16.19494243439951
Incidence,Wakayama,Female,Age-standardized,Schizophrenia,Rate,1999,16.018976806255587,18.74020162207169,13.495893340802963
Incidence,Wakayama,Male,Age-standardized,Schizophrenia,Rate,2000,19.281386287569404,22.85690371975346,16.157205695847743
Incidence,Wakayama,Female,Age-standardized,Schizophrenia,Rate,2000,16.018687567170772,18.77853677880419,13.489472693524862
Incidence,Wakayama,Male,Age-standardized,Schizophrenia,Rate,2001,19.27586547292735,22.777188817654338,16.175066645799564
Incidence,Wakayama,Female,Age-standardized,Schizophrenia,Rate,2001,16.01365656163955,18.760752361287466,13.452001696116582
Incidence,Wakayama,Male,Age-standardized,Schizophrenia,Rate,2002,19.268113926244112,22.81570073454386,16.237347633326007
Incidence,Wakayama,Female,Age-standardized,Schizophrenia,Rate,2002,16.004638725489407,18.853263315018047,13.383735500421375
Incidence,Wakayama,Male,Age-standardized,Schizophrenia,Rate,2003,19.26111321893235,22.733764734397905,16.252897944543133
Incidence,Wakayama,Female,Age-standardized,Schizophrenia,Rate,2003,15.995476740832137,18.84436250376777,13.388318765086792
Incidence,Wakayama,Male,Age-standardized,Schizophrenia,Rate,2004,19.25784492240475,22.711514357239704,16.27698323830934
Incidence,Wakayama,Female,Age-standardized,Schizophrenia,Rate,2004,15.990013289779546,18.8920453569003,13.44967685895656
Incidence,Wakayama,Male,Age-standardized,Schizophrenia,Rate,2005,19.261290608073967,22.890590348156685,16.20683209187118
Incidence,Wakayama,Female,Age-standardized,Schizophrenia,Rate,2005,15.992091054443417,18.975288548455172,13.389981497220981
Incidence,Wakayama,Male,Age-standardized,Schizophrenia,Rate,2006,19.288217974239924,22.75447600885813,16.304134448569865
Incidence,Wakayama,Female,Age-standardized,Schizophrenia,Rate,2006,16.04424989808002,18.899296566809618,13.48896012143774
Incidence,Wakayama,Male,Age-standardized,Schizophrenia,Rate,2007,19.342060655303435,22.904171261974675,16.33870882768353
Incidence,Wakayama,Female,Age-standardized,Schizophrenia,Rate,2007,16.161201936113635,19.077745416217336,13.566086619409948
Incidence,Wakayama,Male,Age-standardized,Schizophrenia,Rate,2008,19.405799126828466,22.93342752009268,16.314402907209644
Incidence,Wakayama,Female,Age-standardized,Schizophrenia,Rate,2008,16.305048228908092,19.207539558030845,13.631067965893683
Incidence,Wakayama,Male,Age-standardized,Schizophrenia,Rate,2009,19.462413864379016,23.078610622117466,16.36364866968256
Incidence,Wakayama,Female,Age-standardized,Schizophrenia,Rate,2009,16.437889836827228,19.4239756731522,13.747139452517871
Incidence,Wakayama,Male,Age-standardized,Schizophrenia,Rate,2010,19.49488534351906,23.123732844768313,16.273257676769788
Incidence,Wakayama,Female,Age-standardized,Schizophrenia,Rate,2010,16.52182782023488,19.727720296006236,13.795587688123645
Incidence,Wakayama,Male,Age-standardized,Schizophrenia,Rate,2011,19.5026333442901,23.194177642593083,16.247776246124197
Incidence,Wakayama,Female,Age-standardized,Schizophrenia,Rate,2011,16.562461928116445,19.633681763536053,13.891427918074863
Incidence,Wakayama,Male,Age-standardized,Schizophrenia,Rate,2012,19.49580670550902,23.02467183191963,16.310596338907573
Incidence,Wakayama,Female,Age-standardized,Schizophrenia,Rate,2012,16.592292696945144,19.643980048650537,13.89201947874421
Incidence,Wakayama,Male,Age-standardized,Schizophrenia,Rate,2013,19.473479490902893,22.988190816065647,16.252999361149207
Incidence,Wakayama,Female,Age-standardized,Schizophrenia,Rate,2013,16.613772368316504,19.60559646178432,13.888049125121015
Incidence,Wakayama,Male,Age-standardized,Schizophrenia,Rate,2014,19.434725764198774,23.038411375008998,16.211505985714318
Incidence,Wakayama,Female,Age-standardized,Schizophrenia,Rate,2014,16.629353183826073,19.627472210214155,13.946539117116245
Incidence,Wakayama,Male,Age-standardized,Schizophrenia,Rate,2015,19.378619589123733,23.05845413427112,16.158545951296443
Incidence,Wakayama,Female,Age-standardized,Schizophrenia,Rate,2015,16.64148738506938,19.674168095827287,13.875117359540727
Incidence,Wakayama,Male,Age-standardized,Schizophrenia,Rate,2016,19.076199810100313,22.679376503623065,15.964382635368747
Incidence,Wakayama,Female,Age-standardized,Schizophrenia,Rate,2016,16.581995440016893,19.553816199679847,13.915591862810045
Incidence,Wakayama,Male,Age-standardized,Schizophrenia,Rate,2017,18.815874341876626,22.649409059771322,15.676625503749161
Incidence,Wakayama,Female,Age-standardized,Schizophrenia,Rate,2017,16.51185606443349,19.69859982573471,13.833835950897567
Incidence,Wakayama,Male,Age-standardized,Schizophrenia,Rate,2018,18.883107756135693,22.54328725829971,15.816251546070049
Incidence,Wakayama,Female,Age-standardized,Schizophrenia,Rate,2018,16.30761490435197,19.18638644583353,13.666817465387902
Incidence,Wakayama,Male,Age-standardized,Schizophrenia,Rate,2019,19.10825038893365,22.843679133865702,15.971959434971108
Incidence,Wakayama,Female,Age-standardized,Schizophrenia,Rate,2019,15.887281659869581,18.867087113467285,13.253474311278852
Incidence,Gunma,Male,Age-standardized,Schizophrenia,Rate,1990,19.360927967819926,23.003831972288573,16.206628209509997
Incidence,Gunma,Female,Age-standardized,Schizophrenia,Rate,1990,16.12265219530377,19.093969285606054,13.493133738941369
Incidence,Gunma,Male,Age-standardized,Schizophrenia,Rate,1991,19.361624333416195,22.892660389736037,16.261423707604955
Incidence,Gunma,Female,Age-standardized,Schizophrenia,Rate,1991,16.074281870393456,18.96211634421123,13.4279419605223
Incidence,Gunma,Male,Age-standardized,Schizophrenia,Rate,1992,19.35996135390299,22.842263527551413,16.294840322145333
Incidence,Gunma,Female,Age-standardized,Schizophrenia,Rate,1992,16.031351262802207,18.853138926928395,13.394746863481943
Incidence,Gunma,Male,Age-standardized,Schizophrenia,Rate,1993,19.357083926391827,22.89445399584063,16.29744449923817
Incidence,Gunma,Female,Age-standardized,Schizophrenia,Rate,1993,15.995912051659165,18.82967146313116,13.332036210433058
Incidence,Gunma,Male,Age-standardized,Schizophrenia,Rate,1994,19.354136947994228,23.01832698486459,16.30647024606566
Incidence,Gunma,Female,Age-standardized,Schizophrenia,Rate,1994,15.970015916093494,18.83951557979832,13.312714028036575
Incidence,Gunma,Male,Age-standardized,Schizophrenia,Rate,1995,19.352265315821697,23.003554326917154,16.236172593915526
Incidence,Gunma,Female,Age-standardized,Schizophrenia,Rate,1995,15.955714535234355,18.794936498011108,13.283974805244727
Incidence,Gunma,Male,Age-standardized,Schizophrenia,Rate,1996,19.34439119088142,22.99544516763347,16.31371684096611
Incidence,Gunma,Female,Age-standardized,Schizophrenia,Rate,1996,15.950169372388142,18.72989306532177,13.332677357369736
Incidence,Gunma,Male,Age-standardized,Schizophrenia,Rate,1997,19.32689674900935,22.948381968201957,16.357862119105846
Incidence,Gunma,Female,Age-standardized,Schizophrenia,Rate,1997,15.948491070063437,18.832189025997582,13.372850149332796
Incidence,Gunma,Male,Age-standardized,Schizophrenia,Rate,1998,19.306116909560195,22.912929177820473,16.294006099407127
Incidence,Gunma,Female,Age-standardized,Schizophrenia,Rate,1998,15.94965507619267,18.742001757979793,13.43503688366811
Incidence,Gunma,Male,Age-standardized,Schizophrenia,Rate,1999,19.288386591888656,22.94021962609315,16.25226095190364
Incidence,Gunma,Female,Age-standardized,Schizophrenia,Rate,1999,15.952636838708278,18.76281361585321,13.358170738228539
Incidence,Gunma,Male,Age-standardized,Schizophrenia,Rate,2000,19.28004071534944,22.999186886866962,16.099919940890796
Incidence,Gunma,Female,Age-standardized,Schizophrenia,Rate,2000,15.956411805542698,18.89955011618078,13.362846643513848
Incidence,Gunma,Male,Age-standardized,Schizophrenia,Rate,2001,19.28236349649935,23.009217783290698,16.187222838316845
Incidence,Gunma,Female,Age-standardized,Schizophrenia,Rate,2001,15.96265285768549,18.7153117419166,13.392828163609764
Incidence,Gunma,Male,Age-standardized,Schizophrenia,Rate,2002,19.290399271638027,22.90820958893192,16.198912219448165
Incidence,Gunma,Female,Age-standardized,Schizophrenia,Rate,2002,15.973111818743911,18.6170698494557,13.422785816369611
Incidence,Gunma,Male,Age-standardized,Schizophrenia,Rate,2003,19.301123139734408,22.84335483573679,16.303265051672337
Incidence,Gunma,Female,Age-standardized,Schizophrenia,Rate,2003,15.986882550576976,18.76269860000533,13.446427165234303
Incidence,Gunma,Male,Age-standardized,Schizophrenia,Rate,2004,19.311510199757446,23.065163535003876,16.293070867307346
Incidence,Gunma,Female,Age-standardized,Schizophrenia,Rate,2004,16.00305891504368,18.834341273579685,13.440844058672988
Incidence,Gunma,Male,Age-standardized,Schizophrenia,Rate,2005,19.31853555067609,23.119140606355366,16.182025172569247
Incidence,Gunma,Female,Age-standardized,Schizophrenia,Rate,2005,16.02073477400303,18.86013744670304,13.410365160261525
Incidence,Gunma,Male,Age-standardized,Schizophrenia,Rate,2006,19.32542962696719,23.00304623010568,16.27428101857107
Incidence,Gunma,Female,Age-standardized,Schizophrenia,Rate,2006,16.065195506960467,18.91927354076882,13.587051115697156
Incidence,Gunma,Male,Age-standardized,Schizophrenia,Rate,2007,19.335950120302922,23.022015362646492,16.322934474030358
Incidence,Gunma,Female,Age-standardized,Schizophrenia,Rate,2007,16.14796401390642,18.98521250650319,13.634252465532398
Incidence,Gunma,Male,Age-standardized,Schizophrenia,Rate,2008,19.347863015445228,23.223086877813497,16.271397293255735
Incidence,Gunma,Female,Age-standardized,Schizophrenia,Rate,2008,16.24749043742734,19.138818150203388,13.637838900492875
Incidence,Gunma,Male,Age-standardized,Schizophrenia,Rate,2009,19.358934297156043,23.06803778896563,16.202946879927246
Incidence,Gunma,Female,Age-standardized,Schizophrenia,Rate,2009,16.3422249201097,19.24465929337445,13.65582383460307
Incidence,Gunma,Male,Age-standardized,Schizophrenia,Rate,2010,19.366929950197303,23.079754572664427,16.18188117111645
Incidence,Gunma,Female,Age-standardized,Schizophrenia,Rate,2010,16.410617604539958,19.55049848243392,13.691786704434747
Incidence,Gunma,Male,Age-standardized,Schizophrenia,Rate,2011,19.377526931792996,23.01572538340391,16.24524929086343
Incidence,Gunma,Female,Age-standardized,Schizophrenia,Rate,2011,16.456747542599178,19.51011019376052,13.734552576613893
Incidence,Gunma,Male,Age-standardized,Schizophrenia,Rate,2012,19.39067971406719,23.162867296481444,16.31199255595292
Incidence,Gunma,Female,Age-standardized,Schizophrenia,Rate,2012,16.499453631992147,19.47325187209354,13.821655847115501
Incidence,Gunma,Male,Age-standardized,Schizophrenia,Rate,2013,19.395570554131947,22.95438437108408,16.37731575617175
Incidence,Gunma,Female,Age-standardized,Schizophrenia,Rate,2013,16.539325784040912,19.462738046735737,13.859061604730734
Incidence,Gunma,Male,Age-standardized,Schizophrenia,Rate,2014,19.381381709099337,22.93716434071327,16.36955848868242
Incidence,Gunma,Female,Age-standardized,Schizophrenia,Rate,2014,16.576953910067523,19.463489636630506,13.834417294086363
Incidence,Gunma,Male,Age-standardized,Schizophrenia,Rate,2015,19.33729543608142,22.93596425332244,16.184814972075937
Incidence,Gunma,Female,Age-standardized,Schizophrenia,Rate,2015,16.612927921394014,19.512780807155195,13.784640220550013
Incidence,Gunma,Male,Age-standardized,Schizophrenia,Rate,2016,19.054043202782488,22.698476123046984,16.021060634228025
Incidence,Gunma,Female,Age-standardized,Schizophrenia,Rate,2016,16.611883031307922,19.47162596491484,13.919561763550885
Incidence,Gunma,Male,Age-standardized,Schizophrenia,Rate,2017,18.80596390719894,22.575847926081288,15.434758362253747
Incidence,Gunma,Female,Age-standardized,Schizophrenia,Rate,2017,16.590403904323928,19.485755189235924,13.950146552481096
Incidence,Gunma,Male,Age-standardized,Schizophrenia,Rate,2018,18.879010998931637,22.369296029082278,15.676191081963832
Incidence,Gunma,Female,Age-standardized,Schizophrenia,Rate,2018,16.365486171669673,19.20038452151386,13.819470848889216
Incidence,Gunma,Male,Age-standardized,Schizophrenia,Rate,2019,19.12373784317724,22.613181674035555,15.933146853286607
Incidence,Gunma,Female,Age-standardized,Schizophrenia,Rate,2019,15.878875252232897,18.700376046588683,13.20751884178821
Incidence,Toyama,Male,Age-standardized,Schizophrenia,Rate,1990,19.342269310354865,23.024337310853163,16.114663798832325
Incidence,Toyama,Female,Age-standardized,Schizophrenia,Rate,1990,16.037357912353368,19.0097206061894,13.347636533969403
Incidence,Toyama,Male,Age-standardized,Schizophrenia,Rate,1991,19.375660531265577,23.060009654275465,16.1663683997809
Incidence,Toyama,Female,Age-standardized,Schizophrenia,Rate,1991,15.983751509270993,18.97884733997609,13.448276623853042
Incidence,Toyama,Male,Age-standardized,Schizophrenia,Rate,1992,19.398278438076964,23.011121482758497,16.18136286794398
Incidence,Toyama,Female,Age-standardized,Schizophrenia,Rate,1992,15.938817734728117,18.77618427383644,13.365617023372858
Incidence,Toyama,Male,Age-standardized,Schizophrenia,Rate,1993,19.411780518661544,23.142198216102535,16.230525797265642
Incidence,Toyama,Female,Age-standardized,Schizophrenia,Rate,1993,15.904602191590655,18.63399352648446,13.298636048277851
Incidence,Toyama,Male,Age-standardized,Schizophrenia,Rate,1994,19.417824260891813,23.148952402610877,16.20543315876479
Incidence,Toyama,Female,Age-standardized,Schizophrenia,Rate,1994,15.88315048272454,18.619945541542627,13.273863975901193
Incidence,Toyama,Male,Age-standardized,Schizophrenia,Rate,1995,19.418067152640276,23.325742130490905,16.073840598598153
Incidence,Toyama,Female,Age-standardized,Schizophrenia,Rate,1995,15.876508210995691,18.72799093457785,13.283740145557003
Incidence,Toyama,Male,Age-standardized,Schizophrenia,Rate,1996,19.397523620741232,23.172772536919997,16.15283753070031
Incidence,Toyama,Female,Age-standardized,Schizophrenia,Rate,1996,15.887350391660798,18.65170134290416,13.365226206041969
Incidence,Toyama,Male,Age-standardized,Schizophrenia,Rate,1997,19.350956845830027,23.05755353184007,16.17833699712168
Incidence,Toyama,Female,Age-standardized,Schizophrenia,Rate,1997,15.911562799159887,18.665311592923484,13.384522490876732
Incidence,Toyama,Male,Age-standardized,Schizophrenia,Rate,1998,19.294647446480717,22.910361340215342,16.14843872748253
Incidence,Toyama,Female,Age-standardized,Schizophrenia,Rate,1998,15.941007175133898,18.733380121538797,13.370701372062227
Incidence,Toyama,Male,Age-standardized,Schizophrenia,Rate,1999,19.244876041267396,22.797397874658504,15.997264624790063
Incidence,Toyama,Female,Age-standardized,Schizophrenia,Rate,1999,15.96754526122377,18.84780030102906,13.310323122387379
Incidence,Toyama,Male,Age-standardized,Schizophrenia,Rate,2000,19.21792324876412,22.8588727984319,15.954341935945024
Incidence,Toyama,Female,Age-standardized,Schizophrenia,Rate,2000,15.98303879907045,18.848644692900155,13.360183810592481
Incidence,Toyama,Male,Age-standardized,Schizophrenia,Rate,2001,19.21205517215369,22.879227612895146,16.028579188734756
Incidence,Toyama,Female,Age-standardized,Schizophrenia,Rate,2001,15.987961578028607,18.782810535638546,13.351407786505646
Incidence,Toyama,Male,Age-standardized,Schizophrenia,Rate,2002,19.21296939237472,22.87090858479189,16.10441268802846
Incidence,Toyama,Female,Age-standardized,Schizophrenia,Rate,2002,15.989900889711034,18.85956098847388,13.366039449396004
Incidence,Toyama,Male,Age-standardized,Schizophrenia,Rate,2003,19.218093744635013,22.92124140572747,16.078708456215736
Incidence,Toyama,Female,Age-standardized,Schizophrenia,Rate,2003,15.991388729145827,18.927883739307273,13.321974045387469
Incidence,Toyama,Male,Age-standardized,Schizophrenia,Rate,2004,19.224856064142376,22.892882382235495,16.005603388277272
Incidence,Toyama,Female,Age-standardized,Schizophrenia,Rate,2004,15.994957091361096,19.103065834056704,13.298723466192381
Incidence,Toyama,Male,Age-standardized,Schizophrenia,Rate,2005,19.23068418610462,22.89342064296505,15.948482967924592
Incidence,Toyama,Female,Age-standardized,Schizophrenia,Rate,2005,16.003137971384934,19.087939199022127,13.30282195139484
Incidence,Toyama,Male,Age-standardized,Schizophrenia,Rate,2006,19.24672169111327,22.776127016245702,16.08425485534178
Incidence,Toyama,Female,Age-standardized,Schizophrenia,Rate,2006,16.048178985743345,19.06025099327384,13.371003226922456
Incidence,Toyama,Male,Age-standardized,Schizophrenia,Rate,2007,19.27902828002539,22.77015532403293,16.197903840066456
Incidence,Toyama,Female,Age-standardized,Schizophrenia,Rate,2007,16.14222851518731,19.146652763805886,13.429349659890656
Incidence,Toyama,Male,Age-standardized,Schizophrenia,Rate,2008,19.31740596844718,22.88141268810816,16.249126190215065
Incidence,Toyama,Female,Age-standardized,Schizophrenia,Rate,2008,16.25766970108242,19.246070806266683,13.624194939456343
Incidence,Toyama,Male,Age-standardized,Schizophrenia,Rate,2009,19.351656771984814,22.933680739321197,16.27725722392544
Incidence,Toyama,Female,Age-standardized,Schizophrenia,Rate,2009,16.366885684794266,19.269975903250558,13.703456595277885
Incidence,Toyama,Male,Age-standardized,Schizophrenia,Rate,2010,19.371582706244467,22.97666547011616,16.204302403041915
Incidence,Toyama,Female,Age-standardized,Schizophrenia,Rate,2010,16.442259607688435,19.40177465150685,13.741173316959669
Incidence,Toyama,Male,Age-standardized,Schizophrenia,Rate,2011,19.389179923522754,22.9734701468605,16.242973786010683
Incidence,Toyama,Female,Age-standardized,Schizophrenia,Rate,2011,16.490079354635117,19.382660648650102,13.849657222657719
Incidence,Toyama,Male,Age-standardized,Schizophrenia,Rate,2012,19.41490794940023,23.01786173045273,16.343367443795422
Incidence,Toyama,Female,Age-standardized,Schizophrenia,Rate,2012,16.534970158994955,19.415652371663725,13.883932515630029
Incidence,Toyama,Male,Age-standardized,Schizophrenia,Rate,2013,19.436263859408978,23.070857313309272,16.321996514559164
Incidence,Toyama,Female,Age-standardized,Schizophrenia,Rate,2013,16.57682118486927,19.449142179890877,14.001432476835111
Incidence,Toyama,Male,Age-standardized,Schizophrenia,Rate,2014,19.440744729081096,23.103776117818985,16.45298532339252
Incidence,Toyama,Female,Age-standardized,Schizophrenia,Rate,2014,16.61552159635935,19.515054213335063,13.992642960171157
Incidence,Toyama,Male,Age-standardized,Schizophrenia,Rate,2015,19.415847633948662,23.10211719234154,16.29986599123148
Incidence,Toyama,Female,Age-standardized,Schizophrenia,Rate,2015,16.650960557566506,19.622028880386157,14.005247728976329
Incidence,Toyama,Male,Age-standardized,Schizophrenia,Rate,2016,19.072993641388145,22.474271200063,15.986272728470171
Incidence,Toyama,Female,Age-standardized,Schizophrenia,Rate,2016,16.639238206888407,19.50813339055104,13.978886800861044
Incidence,Toyama,Male,Age-standardized,Schizophrenia,Rate,2017,18.74891069263397,22.448772492293067,15.687593456094822
Incidence,Toyama,Female,Age-standardized,Schizophrenia,Rate,2017,16.60279289916122,19.558268789294377,13.856340083279433
Incidence,Toyama,Male,Age-standardized,Schizophrenia,Rate,2018,18.823597088102694,22.279661674101007,15.842218535353549
Incidence,Toyama,Female,Age-standardized,Schizophrenia,Rate,2018,16.380905366212122,19.266881326156124,13.789593141420923
Incidence,Toyama,Male,Age-standardized,Schizophrenia,Rate,2019,19.087546148444318,22.80773249548832,15.895928660299969
Incidence,Toyama,Female,Age-standardized,Schizophrenia,Rate,2019,15.911179854869403,18.91916331469463,13.285280739277178
Incidence,Tōkyō,Male,Age-standardized,Schizophrenia,Rate,1990,19.20147408501013,22.793436096450257,16.028907319737506
Incidence,Tōkyō,Female,Age-standardized,Schizophrenia,Rate,1990,15.991314361902973,18.856397313265386,13.330511300027442
Incidence,Tōkyō,Male,Age-standardized,Schizophrenia,Rate,1991,19.239680270264476,22.8127471926305,16.126683010050943
Incidence,Tōkyō,Female,Age-standardized,Schizophrenia,Rate,1991,15.962297402487893,18.818675316877982,13.372951617736474
Incidence,Tōkyō,Male,Age-standardized,Schizophrenia,Rate,1992,19.265825906109644,22.885800216118536,16.144703134469307
Incidence,Tōkyō,Female,Age-standardized,Schizophrenia,Rate,1992,15.937433066212417,18.897365455096217,13.366582517953573
Incidence,Tōkyō,Male,Age-standardized,Schizophrenia,Rate,1993,19.28168786825296,22.93331544686964,16.204327301623625
Incidence,Tōkyō,Female,Age-standardized,Schizophrenia,Rate,1993,15.9177547179065,18.873822085152838,13.383457127453186
Incidence,Tōkyō,Male,Age-standardized,Schizophrenia,Rate,1994,19.289043032401725,22.906286169952335,16.243568559966747
Incidence,Tōkyō,Female,Age-standardized,Schizophrenia,Rate,1994,15.904295722400112,18.90810986003519,13.38739375869496
Incidence,Tōkyō,Male,Age-standardized,Schizophrenia,Rate,1995,19.28966827426326,22.995715024903767,16.15103615075564
Incidence,Tōkyō,Female,Age-standardized,Schizophrenia,Rate,1995,15.898089444523215,19.001458278664558,13.387621204682617
Incidence,Tōkyō,Male,Age-standardized,Schizophrenia,Rate,1996,19.26814711037909,22.897578091909068,16.22797929645691
Incidence,Tōkyō,Female,Age-standardized,Schizophrenia,Rate,1996,15.899331061096158,18.90320191070104,13.422170162698892
Incidence,Tōkyō,Male,Age-standardized,Schizophrenia,Rate,1997,19.219769614627438,22.917008268923023,16.133938550176882
Incidence,Tōkyō,Female,Age-standardized,Schizophrenia,Rate,1997,15.905595900984663,18.78043311840432,13.41007137448917
Incidence,Tōkyō,Male,Age-standardized,Schizophrenia,Rate,1998,19.16237249872068,22.869699659764926,16.06719151488572
Incidence,Tōkyō,Female,Age-standardized,Schizophrenia,Rate,1998,15.913987557086722,18.7298231533107,13.36447857662927
Incidence,Tōkyō,Male,Age-standardized,Schizophrenia,Rate,1999,19.113792474371188,22.757838459055392,16.021801008492666
Incidence,Tōkyō,Female,Age-standardized,Schizophrenia,Rate,1999,15.921609622300345,18.72926292603857,13.315999253976662
Incidence,Tōkyō,Male,Age-standardized,Schizophrenia,Rate,2000,19.09186625329133,22.8178349767086,15.923361751039959
Incidence,Tōkyō,Female,Age-standardized,Schizophrenia,Rate,2000,15.925565689523527,18.766877635968125,13.194185191719306
Incidence,Tōkyō,Male,Age-standardized,Schizophrenia,Rate,2001,19.098257412843505,22.753771086906042,16.012591406142725
Incidence,Tōkyō,Female,Age-standardized,Schizophrenia,Rate,2001,15.924503597199841,18.695184382907012,13.264042846069255
Incidence,Tōkyō,Male,Age-standardized,Schizophrenia,Rate,2002,19.118065843089564,22.776099521525413,16.00829255062368
Incidence,Tōkyō,Female,Age-standardized,Schizophrenia,Rate,2002,15.920896722437316,18.61646241641385,13.346619100237396
Incidence,Tōkyō,Male,Age-standardized,Schizophrenia,Rate,2003,19.144282724791044,22.86515719384664,16.055003232176574
Incidence,Tōkyō,Female,Age-standardized,Schizophrenia,Rate,2003,15.917586966130681,18.75733051708213,13.289176966747318
Incidence,Tōkyō,Male,Age-standardized,Schizophrenia,Rate,2004,19.169899238709476,22.951361683352676,16.046755089785954
Incidence,Tōkyō,Female,Age-standardized,Schizophrenia,Rate,2004,15.917416229174652,18.898045918109812,13.235213424582298
Incidence,Tōkyō,Male,Age-standardized,Schizophrenia,Rate,2005,19.18790656560641,23.061612080970665,15.981732182979288
Incidence,Tōkyō,Female,Age-standardized,Schizophrenia,Rate,2005,15.923226412463949,19.023602847192645,13.22264380150712
Incidence,Tōkyō,Male,Age-standardized,Schizophrenia,Rate,2006,19.203051688921928,23.077054841018196,16.044372044209883
Incidence,Tōkyō,Female,Age-standardized,Schizophrenia,Rate,2006,15.972139881135773,18.853825398914317,13.3416743726836
Incidence,Tōkyō,Male,Age-standardized,Schizophrenia,Rate,2007,19.222480820172287,23.025349159110597,16.061636182968762
Incidence,Tōkyō,Female,Age-standardized,Schizophrenia,Rate,2007,16.076706619404995,18.96000876331142,13.493516899633441
Incidence,Tōkyō,Male,Age-standardized,Schizophrenia,Rate,2008,19.242783982233284,23.085363662755537,16.13006274515743
Incidence,Tōkyō,Female,Age-standardized,Schizophrenia,Rate,2008,16.20290995678283,19.049218572733707,13.58337107347328
Incidence,Tōkyō,Male,Age-standardized,Schizophrenia,Rate,2009,19.260551197980718,23.161642062815957,16.05926547237095
Incidence,Tōkyō,Female,Age-standardized,Schizophrenia,Rate,2009,16.316733222780485,19.192517446033673,13.579298340780246
Incidence,Tōkyō,Male,Age-standardized,Schizophrenia,Rate,2010,19.272372490290373,23.146087568566156,15.964798889708627
Incidence,Tōkyō,Female,Age-standardized,Schizophrenia,Rate,2010,16.384159746909162,19.404685826124346,13.662544764120439
Incidence,Tōkyō,Male,Age-standardized,Schizophrenia,Rate,2011,19.281617138623947,23.169830691349524,16.07561592593749
Incidence,Tōkyō,Female,Age-standardized,Schizophrenia,Rate,2011,16.416527536169372,19.41515624970563,13.735546013385097
Incidence,Tōkyō,Male,Age-standardized,Schizophrenia,Rate,2012,19.29002978761793,22.963482972801685,16.173403498122767
Incidence,Tōkyō,Female,Age-standardized,Schizophrenia,Rate,2012,16.447125790080428,19.323426318204447,13.785194494741424
Incidence,Tōkyō,Male,Age-standardized,Schizophrenia,Rate,2013,19.291763507910286,22.952789878225325,16.168423301057864
Incidence,Tōkyō,Female,Age-standardized,Schizophrenia,Rate,2013,16.47486462693178,19.493114860548925,13.839648795481148
Incidence,Tōkyō,Male,Age-standardized,Schizophrenia,Rate,2014,19.28097137013901,22.927654915677127,16.169103517763507
Incidence,Tōkyō,Female,Age-standardized,Schizophrenia,Rate,2014,16.498654165012884,19.55113525526169,13.865995323220583
Incidence,Tōkyō,Male,Age-standardized,Schizophrenia,Rate,2015,19.251806444942073,23.003315604908483,16.083161716207883
Incidence,Tōkyō,Female,Age-standardized,Schizophrenia,Rate,2015,16.51740452261319,19.61253230539471,13.756968842892775
Incidence,Tōkyō,Male,Age-standardized,Schizophrenia,Rate,2016,18.965315279133378,22.52455288830154,15.984019119568377
Incidence,Tōkyō,Female,Age-standardized,Schizophrenia,Rate,2016,16.54068297312588,19.653771385090955,13.862414158509795
Incidence,Tōkyō,Male,Age-standardized,Schizophrenia,Rate,2017,18.705586300225892,22.27556751975451,15.520528100368002
Incidence,Tōkyō,Female,Age-standardized,Schizophrenia,Rate,2017,16.5521768436596,19.74816827616358,13.870984138452972
Incidence,Tōkyō,Male,Age-standardized,Schizophrenia,Rate,2018,18.809262025260075,22.35162436441595,15.752089037592508
Incidence,Tōkyō,Female,Age-standardized,Schizophrenia,Rate,2018,16.334393625950213,19.381048409262238,13.852303020725104
Incidence,Tōkyō,Male,Age-standardized,Schizophrenia,Rate,2019,19.127995159296006,22.755138477416914,16.028968449087706
Incidence,Tōkyō,Female,Age-standardized,Schizophrenia,Rate,2019,15.8528253291109,18.94422958658384,13.27522673831679
Incidence,Okayama,Male,Age-standardized,Schizophrenia,Rate,1990,19.307177692686654,22.644456607881914,16.15763566495744
Incidence,Okayama,Female,Age-standardized,Schizophrenia,Rate,1990,16.088320518817618,19.100601613341865,13.521296530423744
Incidence,Okayama,Male,Age-standardized,Schizophrenia,Rate,1991,19.31765984922659,22.6777341296398,16.156419854825142
Incidence,Okayama,Female,Age-standardized,Schizophrenia,Rate,1991,16.057550340705475,18.963675823187113,13.538557708689643
Incidence,Okayama,Male,Age-standardized,Schizophrenia,Rate,1992,19.326619737093,22.77208138567455,16.15650166952292
Incidence,Okayama,Female,Age-standardized,Schizophrenia,Rate,1992,16.030012696808978,18.932854517741234,13.494044537544301
Incidence,Okayama,Male,Age-standardized,Schizophrenia,Rate,1993,19.333603227974493,22.77293109579531,16.13424242686129
Incidence,Okayama,Female,Age-standardized,Schizophrenia,Rate,1993,16.00716648316066,18.81995801358933,13.424454950137449
Incidence,Okayama,Male,Age-standardized,Schizophrenia,Rate,1994,19.33815619355967,22.72328102062394,16.124342774230264
Incidence,Okayama,Female,Age-standardized,Schizophrenia,Rate,1994,15.990470595793065,18.895482690013775,13.412776604490247
Incidence,Okayama,Male,Age-standardized,Schizophrenia,Rate,1995,19.339824505537127,22.787210451706123,16.08147408065446
Incidence,Okayama,Female,Age-standardized,Schizophrenia,Rate,1995,15.981383930738723,18.988842205994928,13.316849219757609
Incidence,Okayama,Male,Age-standardized,Schizophrenia,Rate,1996,19.33808283239644,22.770280807201306,16.151257898545126
Incidence,Okayama,Female,Age-standardized,Schizophrenia,Rate,1996,15.976801405148183,18.939959663233893,13.374076344154654
Incidence,Okayama,Male,Age-standardized,Schizophrenia,Rate,1997,19.33378799038864,22.755642470357095,16.10872460148975
Incidence,Okayama,Female,Age-standardized,Schizophrenia,Rate,1997,15.972986518743038,18.94043871683435,13.41750941460596
Incidence,Okayama,Male,Age-standardized,Schizophrenia,Rate,1998,19.32855907284454,22.815218578922735,16.138923716570726
Incidence,Okayama,Female,Age-standardized,Schizophrenia,Rate,1998,15.970451041412396,18.918280077296238,13.407867156795675
Incidence,Okayama,Male,Age-standardized,Schizophrenia,Rate,1999,19.324015173094942,22.844540920782315,16.12348629123891
Incidence,Okayama,Female,Age-standardized,Schizophrenia,Rate,1999,15.969706743045364,18.936239104786146,13.334624204775373
Incidence,Okayama,Male,Age-standardized,Schizophrenia,Rate,2000,19.32177538447065,22.877928604647682,16.044838910714606
Incidence,Okayama,Female,Age-standardized,Schizophrenia,Rate,2000,15.97126539353105,18.95541752334742,13.280729696244673
Incidence,Okayama,Male,Age-standardized,Schizophrenia,Rate,2001,19.321310532325185,22.802150046337488,16.11871763428119
Incidence,Okayama,Female,Age-standardized,Schizophrenia,Rate,2001,15.978450243486176,18.904302570328355,13.303374214087205
Incidence,Okayama,Male,Age-standardized,Schizophrenia,Rate,2002,19.321425703574853,23.093840921844745,16.18168761566724
Incidence,Okayama,Female,Age-standardized,Schizophrenia,Rate,2002,15.992454914443615,18.946221761251657,13.346697779866451
Incidence,Okayama,Male,Age-standardized,Schizophrenia,Rate,2003,19.32274138389466,23.088643714495355,16.208620567737956
Incidence,Okayama,Female,Age-standardized,Schizophrenia,Rate,2003,16.01059673266673,18.867835376281356,13.418293695368583
Incidence,Okayama,Male,Age-standardized,Schizophrenia,Rate,2004,19.325878058959617,23.230092350424425,16.18169695320939
Incidence,Okayama,Female,Age-standardized,Schizophrenia,Rate,2004,16.03019302441889,19.002337560552434,13.467967059628142
Incidence,Okayama,Male,Age-standardized,Schizophrenia,Rate,2005,19.33145621444472,23.28131320718823,16.146162965603647
Incidence,Okayama,Female,Age-standardized,Schizophrenia,Rate,2005,16.048561115963434,18.98161003772086,13.475767811183745
Incidence,Okayama,Male,Age-standardized,Schizophrenia,Rate,2006,19.346945786180118,23.155573846440124,16.125383063031418
Incidence,Okayama,Female,Age-standardized,Schizophrenia,Rate,2006,16.091529419787268,19.057042002808743,13.49355499309465
Incidence,Okayama,Male,Age-standardized,Schizophrenia,Rate,2007,19.374125964669897,23.245181035726603,16.147953150243932
Incidence,Okayama,Female,Age-standardized,Schizophrenia,Rate,2007,16.172189790305524,19.139139542311597,13.54917032252016
Incidence,Okayama,Male,Age-standardized,Schizophrenia,Rate,2008,19.405081117599977,23.159575207837936,16.193014286344813
Incidence,Okayama,Female,Age-standardized,Schizophrenia,Rate,2008,16.26875471667393,19.299236167895653,13.579246056901408
Incidence,Okayama,Male,Age-standardized,Schizophrenia,Rate,2009,19.431895612656287,23.174800434778735,16.19103380502809
Incidence,Okayama,Female,Age-standardized,Schizophrenia,Rate,2009,16.3594366880482,19.495918912447937,13.643384467671698
Incidence,Okayama,Male,Age-standardized,Schizophrenia,Rate,2010,19.446653817524748,23.15134453413173,16.128005272786627
Incidence,Okayama,Female,Age-standardized,Schizophrenia,Rate,2010,16.422448193584067,19.607619579341634,13.61733418046906
Incidence,Okayama,Male,Age-standardized,Schizophrenia,Rate,2011,19.45101355983094,23.10115988268551,16.214174832531107
Incidence,Okayama,Female,Age-standardized,Schizophrenia,Rate,2011,16.465944581996336,19.59721158311684,13.725712219132507
Incidence,Okayama,Male,Age-standardized,Schizophrenia,Rate,2012,19.448162186322524,23.11386620809243,16.219487020758713
Incidence,Okayama,Female,Age-standardized,Schizophrenia,Rate,2012,16.510762779324935,19.647387432413478,13.768182758811795
Incidence,Okayama,Male,Age-standardized,Schizophrenia,Rate,2013,19.432478343368594,22.984465797200897,16.26497159915681
Incidence,Okayama,Female,Age-standardized,Schizophrenia,Rate,2013,16.55413764071327,19.697975390603986,13.854848088434093
Incidence,Okayama,Male,Age-standardized,Schizophrenia,Rate,2014,19.398340677338233,22.97947882477293,16.25264852596094
Incidence,Okayama,Female,Age-standardized,Schizophrenia,Rate,2014,16.593304021304746,19.633436239508047,13.878931020946814
Incidence,Okayama,Male,Age-standardized,Schizophrenia,Rate,2015,19.340127834600523,22.98475203508211,16.144024449577127
Incidence,Okayama,Female,Age-standardized,Schizophrenia,Rate,2015,16.625496776242766,19.709843828850477,13.89076053087947
Incidence,Okayama,Male,Age-standardized,Schizophrenia,Rate,2016,19.038050347858775,22.56379985543887,16.025744283465304
Incidence,Okayama,Female,Age-standardized,Schizophrenia,Rate,2016,16.6259763464007,19.739333729988946,13.97226741658166
Incidence,Okayama,Male,Age-standardized,Schizophrenia,Rate,2017,18.782542545331832,22.39039217700386,15.694574476870446
Incidence,Okayama,Female,Age-standardized,Schizophrenia,Rate,2017,16.602379623115276,19.77975417595717,13.92421148308085
Incidence,Okayama,Male,Age-standardized,Schizophrenia,Rate,2018,18.865067333507707,22.16869357561936,15.925444617412978
Incidence,Okayama,Female,Age-standardized,Schizophrenia,Rate,2018,16.3829613682678,19.303272364236673,13.942987631637333
Incidence,Okayama,Male,Age-standardized,Schizophrenia,Rate,2019,19.12491482805967,22.801171697093785,16.11455041037044
Incidence,Okayama,Female,Age-standardized,Schizophrenia,Rate,2019,15.916433441919459,18.686307199607835,13.424040317807496
Incidence,Yamanashi,Male,Age-standardized,Schizophrenia,Rate,1990,19.256033257840016,22.704251172496342,16.177074989741236
Incidence,Yamanashi,Female,Age-standardized,Schizophrenia,Rate,1990,16.0771021507254,19.231683706192307,13.422347305172945
Incidence,Yamanashi,Male,Age-standardized,Schizophrenia,Rate,1991,19.259164224743202,22.702298628050837,16.15697317674959
Incidence,Yamanashi,Female,Age-standardized,Schizophrenia,Rate,1991,16.027458952162743,19.033903092707416,13.349605549060179
Incidence,Yamanashi,Male,Age-standardized,Schizophrenia,Rate,1992,19.264763436771798,22.76029172088412,16.114262782911307
Incidence,Yamanashi,Female,Age-standardized,Schizophrenia,Rate,1992,15.985657260733893,18.855041168659024,13.366122387805005
Incidence,Yamanashi,Male,Age-standardized,Schizophrenia,Rate,1993,19.27146886147483,22.792232440171755,16.100854477260416
Incidence,Yamanashi,Female,Age-standardized,Schizophrenia,Rate,1993,15.953200604136022,18.896511790308868,13.281951154685837
Incidence,Yamanashi,Male,Age-standardized,Schizophrenia,Rate,1994,19.277918466401303,22.7452471686604,16.05985920965182
Incidence,Yamanashi,Female,Age-standardized,Schizophrenia,Rate,1994,15.931592510066308,18.850288005601556,13.267607434978217
Incidence,Yamanashi,Male,Age-standardized,Schizophrenia,Rate,1995,19.282750219100247,22.81737306655414,16.022681504373853
Incidence,Yamanashi,Female,Age-standardized,Schizophrenia,Rate,1995,15.922336506221923,18.873340824664375,13.298516832179924
Incidence,Yamanashi,Male,Age-standardized,Schizophrenia,Rate,1996,19.29352677858735,22.809906444864847,16.070859198982152
Incidence,Yamanashi,Female,Age-standardized,Schizophrenia,Rate,1996,15.926469068596393,18.81912207034945,13.255020221262054
Incidence,Yamanashi,Male,Age-standardized,Schizophrenia,Rate,1997,19.314057092552105,22.842896185891075,16.102458469484432
Incidence,Yamanashi,Female,Age-standardized,Schizophrenia,Rate,1997,15.94024407355051,18.782718514543717,13.320274219797872
Incidence,Yamanashi,Male,Age-standardized,Schizophrenia,Rate,1998,19.33734856155424,22.975752914188778,16.196115536292996
Incidence,Yamanashi,Female,Age-standardized,Schizophrenia,Rate,1998,15.957991149332338,18.73153109272594,13.360003007780458
Incidence,Yamanashi,Male,Age-standardized,Schizophrenia,Rate,1999,19.35640858615349,22.97142930332711,16.2091858303669
Incidence,Yamanashi,Female,Age-standardized,Schizophrenia,Rate,1999,15.97403992418997,18.823669695787583,13.428233218643422
Incidence,Yamanashi,Male,Age-standardized,Schizophrenia,Rate,2000,19.36424456690958,23.125032441522986,16.208488799106775
Incidence,Yamanashi,Female,Age-standardized,Schizophrenia,Rate,2000,15.98272002637148,18.855689089488372,13.370759913283736
Incidence,Yamanashi,Male,Age-standardized,Schizophrenia,Rate,2001,19.351434514077436,23.11630667675213,16.216562929567182
Incidence,Yamanashi,Female,Age-standardized,Schizophrenia,Rate,2001,15.986121934245745,18.804837671845586,13.41378110938512
Incidence,Yamanashi,Male,Age-standardized,Schizophrenia,Rate,2002,19.321119082838596,23.02334522841979,16.208791465774706
Incidence,Yamanashi,Female,Age-standardized,Schizophrenia,Rate,2002,15.990586050509021,18.79544665008208,13.425927281433466
Incidence,Yamanashi,Male,Age-standardized,Schizophrenia,Rate,2003,19.285149641142702,22.953425967573445,16.171403637085533
Incidence,Yamanashi,Female,Age-standardized,Schizophrenia,Rate,2003,15.996816889900435,18.72968181164816,13.457596810244706
Incidence,Yamanashi,Male,Age-standardized,Schizophrenia,Rate,2004,19.25537755693939,22.879706169272726,16.076153904647676
Incidence,Yamanashi,Female,Age-standardized,Schizophrenia,Rate,2004,16.005518967159123,18.771379480083848,13.404627225673972
Incidence,Yamanashi,Male,Age-standardized,Schizophrenia,Rate,2005,19.2436541981783,22.9380551314372,16.03706971819522
Incidence,Yamanashi,Female,Age-standardized,Schizophrenia,Rate,2005,16.017396797024208,18.809892023818183,13.3596272331365
Incidence,Yamanashi,Male,Age-standardized,Schizophrenia,Rate,2006,19.245633253811306,22.87409755120986,16.059566448155703
Incidence,Yamanashi,Female,Age-standardized,Schizophrenia,Rate,2006,16.069707733501616,18.814742946935638,13.429328217389621
Incidence,Yamanashi,Male,Age-standardized,Schizophrenia,Rate,2007,19.249141078008982,22.839261381607276,16.073132175657022
Incidence,Yamanashi,Female,Age-standardized,Schizophrenia,Rate,2007,16.176332080908608,18.941223889009212,13.561117022349277
Incidence,Yamanashi,Male,Age-standardized,Schizophrenia,Rate,2008,19.254288036549024,22.82433360466587,16.047078776900356
Incidence,Yamanashi,Female,Age-standardized,Schizophrenia,Rate,2008,16.30290877945131,19.03859919003267,13.652855286032482
Incidence,Yamanashi,Male,Age-standardized,Schizophrenia,Rate,2009,19.261184495209132,22.79750300676022,16.035287882722034
Incidence,Yamanashi,Female,Age-standardized,Schizophrenia,Rate,2009,16.41507676933586,19.218112032863708,13.67839012696828
Incidence,Yamanashi,Male,Age-standardized,Schizophrenia,Rate,2010,19.269940819767008,22.872239456355807,16.07409170520763
Incidence,Yamanashi,Female,Age-standardized,Schizophrenia,Rate,2010,16.478474990768404,19.265992903371725,13.723254457273006
Incidence,Yamanashi,Male,Age-standardized,Schizophrenia,Rate,2011,19.29106178030503,22.772547222640515,16.174171741910566
Incidence,Yamanashi,Female,Age-standardized,Schizophrenia,Rate,2011,16.512590033601338,19.38459148807913,13.808871020557735
Incidence,Yamanashi,Male,Age-standardized,Schizophrenia,Rate,2012,19.325510575266758,22.937955387328824,16.267198113439925
Incidence,Yamanashi,Female,Age-standardized,Schizophrenia,Rate,2012,16.555077737850567,19.54130753747159,13.875688992698569
Incidence,Yamanashi,Male,Age-standardized,Schizophrenia,Rate,2013,19.35908521297166,22.98441668158393,16.22906804003273
Incidence,Yamanashi,Female,Age-standardized,Schizophrenia,Rate,2013,16.59883091896746,19.68905013244347,13.92441643019768
Incidence,Yamanashi,Male,Age-standardized,Schizophrenia,Rate,2014,19.377583701739216,23.0439980870699,16.210897345108833
Incidence,Yamanashi,Female,Age-standardized,Schizophrenia,Rate,2014,16.636742392403388,19.870808922675618,14.00094820306346
Incidence,Yamanashi,Male,Age-standardized,Schizophrenia,Rate,2015,19.366804049888902,23.143004996732593,16.091791603340653
Incidence,Yamanashi,Female,Age-standardized,Schizophrenia,Rate,2015,16.661704973609723,19.968373550830695,14.06434336454289
Incidence,Yamanashi,Male,Age-standardized,Schizophrenia,Rate,2016,19.074254883077543,22.750260647066888,15.929149090880484
Incidence,Yamanashi,Female,Age-standardized,Schizophrenia,Rate,2016,16.653452972847145,19.820099192348785,14.041152008570053
Incidence,Yamanashi,Male,Age-standardized,Schizophrenia,Rate,2017,18.802831124107847,22.466130574766865,15.514378260614446
Incidence,Yamanashi,Female,Age-standardized,Schizophrenia,Rate,2017,16.625605371555228,19.830344076475512,13.937682050482062
Incidence,Yamanashi,Male,Age-standardized,Schizophrenia,Rate,2018,18.889146668078943,22.525828211841247,15.839503215693435
Incidence,Yamanashi,Female,Age-standardized,Schizophrenia,Rate,2018,16.39332509266154,19.22928147661433,13.735276338999476
Incidence,Yamanashi,Male,Age-standardized,Schizophrenia,Rate,2019,19.165217123097168,22.815035188209595,16.01546787225963
Incidence,Yamanashi,Female,Age-standardized,Schizophrenia,Rate,2019,15.90517033669129,18.70270618164382,13.263448607787689
Incidence,Aomori,Male,Age-standardized,Schizophrenia,Rate,1990,19.35156858058487,23.061498479323205,16.210871629346403
Incidence,Aomori,Female,Age-standardized,Schizophrenia,Rate,1990,16.135330589609225,19.05872239483339,13.476051707782467
Incidence,Aomori,Male,Age-standardized,Schizophrenia,Rate,1991,19.384014598676877,22.99501678668523,16.288801195115408
Incidence,Aomori,Female,Age-standardized,Schizophrenia,Rate,1991,16.084473028517188,18.9420750464506,13.487031405294257
Incidence,Aomori,Male,Age-standardized,Schizophrenia,Rate,1992,19.407981174444622,23.01672427505832,16.410597213498896
Incidence,Aomori,Female,Age-standardized,Schizophrenia,Rate,1992,16.04145223642104,18.800838199028824,13.46055538145989
Incidence,Aomori,Male,Age-standardized,Schizophrenia,Rate,1993,19.42395806629917,22.952302209200248,16.411554647109508
Incidence,Aomori,Female,Age-standardized,Schizophrenia,Rate,1993,16.00786481220016,18.766723422195042,13.400930483771727
Incidence,Aomori,Male,Age-standardized,Schizophrenia,Rate,1994,19.432435032651558,22.912576772999586,16.39000077246651
Incidence,Aomori,Female,Age-standardized,Schizophrenia,Rate,1994,15.985307354733942,18.821523799644254,13.276401139790925
Incidence,Aomori,Male,Age-standardized,Schizophrenia,Rate,1995,19.433901831912845,22.973135991560504,16.35874071936125
Incidence,Aomori,Female,Age-standardized,Schizophrenia,Rate,1995,15.975376462901757,18.87197270881499,13.295988827005734
Incidence,Aomori,Male,Age-standardized,Schizophrenia,Rate,1996,19.420041669894566,23.085852946716898,16.35509992343183
Incidence,Aomori,Female,Age-standardized,Schizophrenia,Rate,1996,15.979729690168503,18.832120426496754,13.358222234219674
Incidence,Aomori,Male,Age-standardized,Schizophrenia,Rate,1997,19.389148944110264,23.035611600526007,16.436842090371982
Incidence,Aomori,Female,Age-standardized,Schizophrenia,Rate,1997,15.994539552160225,18.902354941654753,13.38090515318693
Incidence,Aomori,Male,Age-standardized,Schizophrenia,Rate,1998,19.351630200524017,22.911317248682163,16.310991228162415
Incidence,Aomori,Female,Age-standardized,Schizophrenia,Rate,1998,16.013175090998068,18.93218373957707,13.461960665556042
Incidence,Aomori,Male,Age-standardized,Schizophrenia,Rate,1999,19.317891985099916,22.914777682569717,16.197164590836334
Incidence,Aomori,Female,Age-standardized,Schizophrenia,Rate,1999,16.029005348803157,18.98430323132041,13.386840759247818
Incidence,Aomori,Male,Age-standardized,Schizophrenia,Rate,2000,19.29834084380203,22.974132199656655,16.122573077752183
Incidence,Aomori,Female,Age-standardized,Schizophrenia,Rate,2000,16.03539936769663,18.993750864022566,13.347320018208164
Incidence,Aomori,Male,Age-standardized,Schizophrenia,Rate,2001,19.29476697311904,22.944509333983763,16.184786254634183
Incidence,Aomori,Female,Age-standardized,Schizophrenia,Rate,2001,16.025687419862706,18.91748235949451,13.380139781158357
Incidence,Aomori,Male,Age-standardized,Schizophrenia,Rate,2002,19.299705499640787,22.86581189928338,16.215201314792207
Incidence,Aomori,Female,Age-standardized,Schizophrenia,Rate,2002,16.00351839182564,18.83001166963164,13.378867985145632
Incidence,Aomori,Male,Age-standardized,Schizophrenia,Rate,2003,19.309680364483135,22.83393508675397,16.236615700954115
Incidence,Aomori,Female,Age-standardized,Schizophrenia,Rate,2003,15.97773924721661,18.773628872141057,13.395570938647808
Incidence,Aomori,Male,Age-standardized,Schizophrenia,Rate,2004,19.32121550876194,22.823941332998306,16.20209681066428
Incidence,Aomori,Female,Age-standardized,Schizophrenia,Rate,2004,15.957196949666779,18.696789370497758,13.369467120758594
Incidence,Aomori,Male,Age-standardized,Schizophrenia,Rate,2005,19.33083487359307,22.93760233343803,16.174844339060265
Incidence,Aomori,Female,Age-standardized,Schizophrenia,Rate,2005,15.95073846280733,18.703665277095485,13.369937360389287
Incidence,Aomori,Male,Age-standardized,Schizophrenia,Rate,2006,19.3437108781103,22.900837235084985,16.1788514644688
Incidence,Aomori,Female,Age-standardized,Schizophrenia,Rate,2006,15.999626200259028,18.670447509396954,13.469234461694322
Incidence,Aomori,Male,Age-standardized,Schizophrenia,Rate,2007,19.36421867063804,22.92580321298931,16.27324437124779
Incidence,Aomori,Female,Age-standardized,Schizophrenia,Rate,2007,16.113632116210923,18.772111144632024,13.61885382072615
Incidence,Aomori,Male,Age-standardized,Schizophrenia,Rate,2008,19.38768628607805,22.973190854537382,16.241206625720746
Incidence,Aomori,Female,Age-standardized,Schizophrenia,Rate,2008,16.254367485146606,19.06959383938095,13.703532125773153
Incidence,Aomori,Male,Age-standardized,Schizophrenia,Rate,2009,19.40944175933209,23.04820355458365,16.239824192087458
Incidence,Aomori,Female,Age-standardized,Schizophrenia,Rate,2009,16.38344358154966,19.279234306590027,13.780850093529676
Incidence,Aomori,Male,Age-standardized,Schizophrenia,Rate,2010,19.424813125301938,23.11812181957019,16.048825637833758
Incidence,Aomori,Female,Age-standardized,Schizophrenia,Rate,2010,16.46247167990369,19.44750741399313,13.810738109191375
Incidence,Aomori,Male,Age-standardized,Schizophrenia,Rate,2011,19.437385563099234,23.07750793115092,16.18249814121298
Incidence,Aomori,Female,Age-standardized,Schizophrenia,Rate,2011,16.503072532762246,19.483336831449876,13.891448506871905
Incidence,Aomori,Male,Age-standardized,Schizophrenia,Rate,2012,19.447633103875834,23.01898317331249,16.23291571896256
Incidence,Aomori,Female,Age-standardized,Schizophrenia,Rate,2012,16.541002154007767,19.383293554717383,13.963756123206501
Incidence,Aomori,Male,Age-standardized,Schizophrenia,Rate,2013,19.446217060593778,23.103020667711558,16.264591834370478
Incidence,Aomori,Female,Age-standardized,Schizophrenia,Rate,2013,16.57407471011712,19.560856987797326,13.895602194849536
Incidence,Aomori,Male,Age-standardized,Schizophrenia,Rate,2014,19.42379874621514,23.103863191566703,16.174823582664946
Incidence,Aomori,Female,Age-standardized,Schizophrenia,Rate,2014,16.60010436756717,19.58620295273423,13.877845674339229
Incidence,Aomori,Male,Age-standardized,Schizophrenia,Rate,2015,19.37103947370197,23.147409964607505,16.119861741416845
Incidence,Aomori,Female,Age-standardized,Schizophrenia,Rate,2015,16.616905292834794,19.703490151263356,13.930026684753617
Incidence,Aomori,Male,Age-standardized,Schizophrenia,Rate,2016,19.050715290648856,22.551064887538,15.966715234847154
Incidence,Aomori,Female,Age-standardized,Schizophrenia,Rate,2016,16.59603028498316,19.639070970351515,13.947154226266981
Incidence,Aomori,Male,Age-standardized,Schizophrenia,Rate,2017,18.76991210951042,22.369364965242333,15.724993727935805
Incidence,Aomori,Female,Age-standardized,Schizophrenia,Rate,2017,16.557812469996502,19.676551476006537,13.79134337390844
Incidence,Aomori,Male,Age-standardized,Schizophrenia,Rate,2018,18.846220527811518,22.24178070667737,15.780522836267744
Incidence,Aomori,Female,Age-standardized,Schizophrenia,Rate,2018,16.345245988713128,19.347291381014852,13.760148217791745
Incidence,Aomori,Male,Age-standardized,Schizophrenia,Rate,2019,19.11075121029009,22.575482878169364,15.870642230795298
Incidence,Aomori,Female,Age-standardized,Schizophrenia,Rate,2019,15.906326148618588,19.023507845486257,13.36806689045859
Incidence,Tottori,Male,Age-standardized,Schizophrenia,Rate,1990,19.30378202549943,22.981399718054902,16.13311313310854
Incidence,Tottori,Female,Age-standardized,Schizophrenia,Rate,1990,16.037617539593867,18.81555512101215,13.24048941980729
Incidence,Tottori,Male,Age-standardized,Schizophrenia,Rate,1991,19.33133053347148,23.001760937047184,16.167150613613575
Incidence,Tottori,Female,Age-standardized,Schizophrenia,Rate,1991,16.018605191638464,18.844256300744313,13.295985308527102
Incidence,Tottori,Male,Age-standardized,Schizophrenia,Rate,1992,19.3497291876849,22.9674153226704,16.21142768629934
Incidence,Tottori,Female,Age-standardized,Schizophrenia,Rate,1992,16.002454065423905,18.888989848280286,13.329504880551138
Incidence,Tottori,Male,Age-standardized,Schizophrenia,Rate,1993,19.35979827126681,22.9538720978322,16.26838389528948
Incidence,Tottori,Female,Age-standardized,Schizophrenia,Rate,1993,15.989579936895158,18.948409589106042,13.328573748219464
Incidence,Tottori,Male,Age-standardized,Schizophrenia,Rate,1994,19.362358067344342,22.81251622295134,16.275692429376647
Incidence,Tottori,Female,Age-standardized,Schizophrenia,Rate,1994,15.980398581997191,18.980607279266952,13.274936112620827
Incidence,Tottori,Male,Age-standardized,Schizophrenia,Rate,1995,19.358228859044626,22.944769971210846,16.141978422304057
Incidence,Tottori,Female,Age-standardized,Schizophrenia,Rate,1995,15.975325776674959,18.980450130090098,13.2226377276998
Incidence,Tottori,Male,Age-standardized,Schizophrenia,Rate,1996,19.335343923326363,22.900410667608448,16.22305575672034
Incidence,Tottori,Female,Age-standardized,Schizophrenia,Rate,1996,15.974683163679211,18.96825381923664,13.241248416164762
Incidence,Tottori,Male,Age-standardized,Schizophrenia,Rate,1997,19.290731263297804,22.767891778041594,16.176141357236727
Incidence,Tottori,Female,Age-standardized,Schizophrenia,Rate,1997,15.97746009512538,18.764574533833926,13.301910252142758
Incidence,Tottori,Male,Age-standardized,Schizophrenia,Rate,1998,19.23885325131034,22.712331288388008,16.07576474605924
Incidence,Tottori,Female,Age-standardized,Schizophrenia,Rate,1998,15.982073911005468,18.81992124673622,13.296504587079257
Incidence,Tottori,Male,Age-standardized,Schizophrenia,Rate,1999,19.19417225971536,22.68551247263394,15.966601030428983
Incidence,Tottori,Female,Age-standardized,Schizophrenia,Rate,1999,15.98694195131151,18.92273403987701,13.290489798394294
Incidence,Tottori,Male,Age-standardized,Schizophrenia,Rate,2000,19.171150660864246,22.681753940865843,15.915562249949707
Incidence,Tottori,Female,Age-standardized,Schizophrenia,Rate,2000,15.990481556035517,18.971906844341902,13.302004994530307
Incidence,Tottori,Male,Age-standardized,Schizophrenia,Rate,2001,19.172046099291208,22.58058430699311,15.981070446330415
Incidence,Tottori,Female,Age-standardized,Schizophrenia,Rate,2001,15.99469074246381,18.885384571841236,13.304368327011332
Incidence,Tottori,Male,Age-standardized,Schizophrenia,Rate,2002,19.185563321783878,22.654101786131054,16.082725633748073
Incidence,Tottori,Female,Age-standardized,Schizophrenia,Rate,2002,16.00323816762204,18.88899425287766,13.335967481251814
Incidence,Tottori,Male,Age-standardized,Schizophrenia,Rate,2003,19.20583535407384,22.787180710090272,16.12947701805945
Incidence,Tottori,Female,Age-standardized,Schizophrenia,Rate,2003,16.017047131111212,18.81674406305231,13.402092955555833
Incidence,Tottori,Male,Age-standardized,Schizophrenia,Rate,2004,19.226995221892686,22.87957455689915,16.252984787756976
Incidence,Tottori,Female,Age-standardized,Schizophrenia,Rate,2004,16.037040932532328,18.92563969745807,13.440442784733166
Incidence,Tottori,Male,Age-standardized,Schizophrenia,Rate,2005,19.243175950971974,22.960865130684134,16.18450636374981
Incidence,Tottori,Female,Age-standardized,Schizophrenia,Rate,2005,16.064142871486375,19.085622932291134,13.496813213732226
Incidence,Tottori,Male,Age-standardized,Schizophrenia,Rate,2006,19.25876219644762,22.89831799740589,16.247567155643893
Incidence,Tottori,Female,Age-standardized,Schizophrenia,Rate,2006,16.119070395800776,18.98527950798216,13.563399811920794
Incidence,Tottori,Male,Age-standardized,Schizophrenia,Rate,2007,19.27970642963967,22.865320110393622,16.254979277762065
Incidence,Tottori,Female,Age-standardized,Schizophrenia,Rate,2007,16.208047473498457,18.9185146569202,13.667101882759289
Incidence,Tottori,Male,Age-standardized,Schizophrenia,Rate,2008,19.302493400555942,22.884588175031865,16.22236017854734
Incidence,Tottori,Female,Age-standardized,Schizophrenia,Rate,2008,16.310257184473674,19.049961541272683,13.709206119476065
Incidence,Tottori,Male,Age-standardized,Schizophrenia,Rate,2009,19.32360785920426,22.930253733802097,16.147869835258582
Incidence,Tottori,Female,Age-standardized,Schizophrenia,Rate,2009,16.4048826086207,19.17175869355161,13.748830087084336
Incidence,Tottori,Male,Age-standardized,Schizophrenia,Rate,2010,19.339534555592426,23.025757247007522,16.11119342559819
Incidence,Tottori,Female,Age-standardized,Schizophrenia,Rate,2010,16.471106825833793,19.396402158266586,13.834738800749086
Incidence,Tottori,Male,Age-standardized,Schizophrenia,Rate,2011,19.35673118107077,23.009845627733608,16.203887188789462
Incidence,Tottori,Female,Age-standardized,Schizophrenia,Rate,2011,16.51396133008841,19.324779163570888,13.827539790209606
Incidence,Tottori,Male,Age-standardized,Schizophrenia,Rate,2012,19.377818803956885,22.93955045622734,16.247133207468295
Incidence,Tottori,Female,Age-standardized,Schizophrenia,Rate,2012,16.552566804908942,19.425842062460024,13.839053886324852
Incidence,Tottori,Male,Age-standardized,Schizophrenia,Rate,2013,19.393527239709474,22.926966042918185,16.34877909057678
Incidence,Tottori,Female,Age-standardized,Schizophrenia,Rate,2013,16.587240114513087,19.397074813604185,13.908982742611263
Incidence,Tottori,Male,Age-standardized,Schizophrenia,Rate,2014,19.394586303787264,22.92507227585098,16.38714367519819
Incidence,Tottori,Female,Age-standardized,Schizophrenia,Rate,2014,16.618298123118528,19.482554193284937,13.872322143384176
Incidence,Tottori,Male,Age-standardized,Schizophrenia,Rate,2015,19.371725811648965,23.023597792813618,16.28035064254426
Incidence,Tottori,Female,Age-standardized,Schizophrenia,Rate,2015,16.646057694942947,19.580707321737403,13.858850492732975
Incidence,Tottori,Male,Age-standardized,Schizophrenia,Rate,2016,19.068917624482893,22.45678631598045,15.989593240940028
Incidence,Tottori,Female,Age-standardized,Schizophrenia,Rate,2016,16.642608833611504,19.425088301076812,14.009759593229873
Incidence,Tottori,Male,Age-standardized,Schizophrenia,Rate,2017,18.785524519879914,22.109250554156336,15.667588636707604
Incidence,Tottori,Female,Age-standardized,Schizophrenia,Rate,2017,16.622119066242025,19.56182019169471,13.904416404889767
Incidence,Tottori,Male,Age-standardized,Schizophrenia,Rate,2018,18.873890483934936,22.22935533525567,15.980850375818456
Incidence,Tottori,Female,Age-standardized,Schizophrenia,Rate,2018,16.410851304877657,19.215778810478692,13.842316058357499
Incidence,Tottori,Male,Age-standardized,Schizophrenia,Rate,2019,19.161737505613985,22.85518764666904,15.971479583173119
Incidence,Tottori,Female,Age-standardized,Schizophrenia,Rate,2019,15.953323837704476,18.9481143149099,13.332089293241822
Incidence,Nagasaki,Male,Age-standardized,Schizophrenia,Rate,1990,18.873221605459662,22.66588379504287,15.649517576132434
Incidence,Nagasaki,Female,Age-standardized,Schizophrenia,Rate,1990,16.026591272422568,18.935131782609318,13.252798025952954
Incidence,Nagasaki,Male,Age-standardized,Schizophrenia,Rate,1991,18.890351263524217,22.711225185511037,15.6809713933864
Incidence,Nagasaki,Female,Age-standardized,Schizophrenia,Rate,1991,16.0165439553063,18.85742147851216,13.379702267408007
Incidence,Nagasaki,Male,Age-standardized,Schizophrenia,Rate,1992,18.906568050116867,22.722184691980225,15.784062778350373
Incidence,Nagasaki,Female,Age-standardized,Schizophrenia,Rate,1992,16.00702690122889,18.808930095535775,13.4842373785818
Incidence,Nagasaki,Male,Age-standardized,Schizophrenia,Rate,1993,18.920147936893862,22.690571274641176,15.802968489840937
Incidence,Nagasaki,Female,Age-standardized,Schizophrenia,Rate,1993,15.998707955618913,18.80516344569486,13.405070233208711
Incidence,Nagasaki,Male,Age-standardized,Schizophrenia,Rate,1994,18.929366895511457,22.686717523176743,15.78254247725422
Incidence,Nagasaki,Female,Age-standardized,Schizophrenia,Rate,1994,15.992254963904934,18.79391948383811,13.378428844040004
Incidence,Nagasaki,Male,Age-standardized,Schizophrenia,Rate,1995,18.932500897625896,22.663471519328468,15.703292646983178
Incidence,Nagasaki,Female,Age-standardized,Schizophrenia,Rate,1995,15.988335771515539,18.8037592717442,13.325343517263386
Incidence,Nagasaki,Male,Age-standardized,Schizophrenia,Rate,1996,18.932635443984,22.524120222681333,15.778052081842715
Incidence,Nagasaki,Female,Age-standardized,Schizophrenia,Rate,1996,15.984728673664895,18.78345295335992,13.329477341233193
Incidence,Nagasaki,Male,Age-standardized,Schizophrenia,Rate,1997,18.933683212769658,22.444590213475756,15.847498066666267
Incidence,Nagasaki,Female,Age-standardized,Schizophrenia,Rate,1997,15.979605737537552,18.76710636301787,13.327996220704602
Incidence,Nagasaki,Male,Age-standardized,Schizophrenia,Rate,1998,18.935160941794692,22.417712510797088,15.848018068343993
Incidence,Nagasaki,Female,Age-standardized,Schizophrenia,Rate,1998,15.974225466517645,18.812464769535726,13.308119449820406
Incidence,Nagasaki,Male,Age-standardized,Schizophrenia,Rate,1999,18.936585368870933,22.448670301569344,15.826146149390937
Incidence,Nagasaki,Female,Age-standardized,Schizophrenia,Rate,1999,15.969846363989303,18.836849397191223,13.214002467475469
Incidence,Nagasaki,Male,Age-standardized,Schizophrenia,Rate,2000,18.937473231810227,22.58080367453769,15.775127809891098
Incidence,Nagasaki,Female,Age-standardized,Schizophrenia,Rate,2000,15.967726933336653,18.859474456206115,13.195276182518946
Incidence,Nagasaki,Male,Age-standardized,Schizophrenia,Rate,2001,18.932157143859612,22.507356388517522,15.758684415256814
Incidence,Nagasaki,Female,Age-standardized,Schizophrenia,Rate,2001,15.965230749173347,18.862135999906357,13.265945818765305
Incidence,Nagasaki,Male,Age-standardized,Schizophrenia,Rate,2002,18.91901778226374,22.454332477434665,15.76036273851304
Incidence,Nagasaki,Female,Age-standardized,Schizophrenia,Rate,2002,15.96055803208764,18.85767449059462,13.276623597564022
Incidence,Nagasaki,Male,Age-standardized,Schizophrenia,Rate,2003,18.90364398083083,22.364904380925307,15.78074195100399
Incidence,Nagasaki,Female,Age-standardized,Schizophrenia,Rate,2003,15.956222254425578,18.921299976333923,13.360400850126707
Incidence,Nagasaki,Male,Age-standardized,Schizophrenia,Rate,2004,18.89162457336911,22.346662775393362,15.79162319121482
Incidence,Nagasaki,Female,Age-standardized,Schizophrenia,Rate,2004,15.954736888533207,18.8703442829727,13.33579034176543
Incidence,Nagasaki,Male,Age-standardized,Schizophrenia,Rate,2005,18.888548393686797,22.488667430900097,15.851650227232573
Incidence,Nagasaki,Female,Age-standardized,Schizophrenia,Rate,2005,15.95861540675657,18.99963660406405,13.300313901439559
Incidence,Nagasaki,Male,Age-standardized,Schizophrenia,Rate,2006,18.893983823022374,22.468640113476592,15.830788723606446
Incidence,Nagasaki,Female,Age-standardized,Schizophrenia,Rate,2006,16.00811908240973,18.99572861715181,13.396182204573025
Incidence,Nagasaki,Male,Age-standardized,Schizophrenia,Rate,2007,18.90250804222142,22.39792133816023,15.840744611685206
Incidence,Nagasaki,Female,Age-standardized,Schizophrenia,Rate,2007,16.117960176346035,19.049560220534886,13.496583726029597
Incidence,Nagasaki,Male,Age-standardized,Schizophrenia,Rate,2008,18.9122230845028,22.312488935843945,15.856553882283965
Incidence,Nagasaki,Female,Age-standardized,Schizophrenia,Rate,2008,16.252328642220498,19.150024531937593,13.666043844681795
Incidence,Nagasaki,Male,Age-standardized,Schizophrenia,Rate,2009,18.92123098308538,22.29718916726061,15.793158009076535
Incidence,Nagasaki,Female,Age-standardized,Schizophrenia,Rate,2009,16.3754144336881,19.379832091272917,13.748088683047971
Incidence,Nagasaki,Male,Age-standardized,Schizophrenia,Rate,2010,18.927633771188017,22.2800321690368,15.77388315459799
Incidence,Nagasaki,Female,Age-standardized,Schizophrenia,Rate,2010,16.451407504403843,19.563649456893923,13.773001026940642
Incidence,Nagasaki,Male,Age-standardized,Schizophrenia,Rate,2011,18.93779800873215,22.38660697428729,15.874712313407116
Incidence,Nagasaki,Female,Age-standardized,Schizophrenia,Rate,2011,16.49313002376668,19.502075085405195,13.827854929255462
Incidence,Nagasaki,Male,Age-standardized,Schizophrenia,Rate,2012,18.951821190213213,22.41406417847582,15.847078485917057
Incidence,Nagasaki,Female,Age-standardized,Schizophrenia,Rate,2012,16.535868150790773,19.553884212210658,13.88287224336917
Incidence,Nagasaki,Male,Age-standardized,Schizophrenia,Rate,2013,18.958401750711072,22.399966427638184,15.855717882606864
Incidence,Nagasaki,Female,Age-standardized,Schizophrenia,Rate,2013,16.577507823553944,19.5437021021084,13.934253240816508
Incidence,Nagasaki,Male,Age-standardized,Schizophrenia,Rate,2014,18.946238125305587,22.46613972971198,15.798255269332723
Incidence,Nagasaki,Female,Age-standardized,Schizophrenia,Rate,2014,16.61593498013402,19.544808012731476,13.97117499380128
Incidence,Nagasaki,Male,Age-standardized,Schizophrenia,Rate,2015,18.904028749076623,22.471568958789828,15.714409440427909
Incidence,Nagasaki,Female,Age-standardized,Schizophrenia,Rate,2015,16.649035558608826,19.72570799413155,13.952821364091484
Incidence,Nagasaki,Male,Age-standardized,Schizophrenia,Rate,2016,18.58656639634495,22.18501021654316,15.445081422673772
Incidence,Nagasaki,Female,Age-standardized,Schizophrenia,Rate,2016,16.659695389399523,19.680326687410076,13.999933054261557
Incidence,Nagasaki,Male,Age-standardized,Schizophrenia,Rate,2017,18.308055978975172,22.186967300253038,15.222472369885947
Incidence,Nagasaki,Female,Age-standardized,Schizophrenia,Rate,2017,16.648985730717712,19.788578124028398,13.90075070125233
Incidence,Nagasaki,Male,Age-standardized,Schizophrenia,Rate,2018,18.38607832246877,22.210490816607262,15.349066369736278
Incidence,Nagasaki,Female,Age-standardized,Schizophrenia,Rate,2018,16.39867949558577,19.552843539623243,13.776453181263925
Incidence,Nagasaki,Male,Age-standardized,Schizophrenia,Rate,2019,18.633707399232314,22.56529052601527,15.589072323273193
Incidence,Nagasaki,Female,Age-standardized,Schizophrenia,Rate,2019,15.858123162442386,18.99365184026103,13.183893006506295
Incidence,Shizuoka,Male,Age-standardized,Schizophrenia,Rate,1990,19.238056363396986,22.837160184989486,16.030005987837654
Incidence,Shizuoka,Female,Age-standardized,Schizophrenia,Rate,1990,16.077187797557922,18.99398629397499,13.48499917989105
Incidence,Shizuoka,Male,Age-standardized,Schizophrenia,Rate,1991,19.27993211853413,22.796321453035926,16.059146896206762
Incidence,Shizuoka,Female,Age-standardized,Schizophrenia,Rate,1991,16.021219295391695,18.81461312255852,13.49980124687841
Incidence,Shizuoka,Male,Age-standardized,Schizophrenia,Rate,1992,19.312860897870994,22.82436581827797,16.128671971320323
Incidence,Shizuoka,Female,Age-standardized,Schizophrenia,Rate,1992,15.973486275215176,18.82748245501722,13.437604068229492
Incidence,Shizuoka,Male,Age-standardized,Schizophrenia,Rate,1993,19.336467850256156,22.880462425738497,16.232038924525128
Incidence,Shizuoka,Female,Age-standardized,Schizophrenia,Rate,1993,15.936000047900285,18.75777484740773,13.319443768262017
Incidence,Shizuoka,Male,Age-standardized,Schizophrenia,Rate,1994,19.35037812453817,22.963352442119657,16.256303809127907
Incidence,Shizuoka,Female,Age-standardized,Schizophrenia,Rate,1994,15.910771924318933,18.865085495043026,13.345929499790808
Incidence,Shizuoka,Male,Age-standardized,Schizophrenia,Rate,1995,19.354216869565615,23.059502724658714,16.240637082635565
Incidence,Shizuoka,Female,Age-standardized,Schizophrenia,Rate,1995,15.899813215343052,18.958137080470763,13.255879660163846
Incidence,Shizuoka,Male,Age-standardized,Schizophrenia,Rate,1996,19.34131670770393,23.001739393369903,16.3164854359732
Incidence,Shizuoka,Female,Age-standardized,Schizophrenia,Rate,1996,15.905434581180167,18.805551164540752,13.25211079110963
Incidence,Shizuoka,Male,Age-standardized,Schizophrenia,Rate,1997,19.312184243969448,22.904855498478806,16.206185605959757
Incidence,Shizuoka,Female,Age-standardized,Schizophrenia,Rate,1997,15.923501066718675,18.8170079962163,13.263354566627578
Incidence,Shizuoka,Male,Age-standardized,Schizophrenia,Rate,1998,19.27720560118713,22.799342916832387,16.15712452646476
Incidence,Shizuoka,Female,Age-standardized,Schizophrenia,Rate,1998,15.946355559851797,18.761658257866465,13.347741040584681
Incidence,Shizuoka,Male,Age-standardized,Schizophrenia,Rate,1999,19.246766902181903,22.742144553765865,16.116056327009538
Incidence,Shizuoka,Female,Age-standardized,Schizophrenia,Rate,1999,15.966340948472734,18.750131675321906,13.316694105675795
Incidence,Shizuoka,Male,Age-standardized,Schizophrenia,Rate,2000,19.231254269778713,22.811122105978868,16.035437969267612
Incidence,Shizuoka,Female,Age-standardized,Schizophrenia,Rate,2000,15.9758001204747,18.784278973193352,13.23497652748208
Incidence,Shizuoka,Male,Age-standardized,Schizophrenia,Rate,2001,19.229286587512888,22.745676969282727,16.131121152899567
Incidence,Shizuoka,Female,Age-standardized,Schizophrenia,Rate,2001,15.97484561720972,18.768834795286978,13.332922383159017
Incidence,Shizuoka,Male,Age-standardized,Schizophrenia,Rate,2002,19.23149929074295,22.671124043700626,16.14024806013181
Incidence,Shizuoka,Female,Age-standardized,Schizophrenia,Rate,2002,15.970749520881556,18.901180503673338,13.377802960503864
Incidence,Shizuoka,Male,Age-standardized,Schizophrenia,Rate,2003,19.23630333002862,22.746216590265973,15.988166453713442
Incidence,Shizuoka,Female,Age-standardized,Schizophrenia,Rate,2003,15.96659403066102,18.996769513529784,13.40481452519186
Incidence,Shizuoka,Male,Age-standardized,Schizophrenia,Rate,2004,19.24210965592963,22.79621480481911,15.92590639547088
Incidence,Shizuoka,Female,Age-standardized,Schizophrenia,Rate,2004,15.96546134571893,18.985767635683498,13.36193040534889
Incidence,Shizuoka,Male,Age-standardized,Schizophrenia,Rate,2005,19.247329219005714,22.936896032566807,15.833575334335277
Incidence,Shizuoka,Female,Age-standardized,Schizophrenia,Rate,2005,15.970433665226102,19.043637625850288,13.358536437936843
Incidence,Shizuoka,Male,Age-standardized,Schizophrenia,Rate,2006,19.26387228877185,22.82424843591119,15.951146663068021
Incidence,Shizuoka,Female,Age-standardized,Schizophrenia,Rate,2006,16.014766946471777,19.095292447221286,13.419913394364016
Incidence,Shizuoka,Male,Age-standardized,Schizophrenia,Rate,2007,19.29774082055653,22.983785767017213,16.062060008438046
Incidence,Shizuoka,Female,Age-standardized,Schizophrenia,Rate,2007,16.110721786271615,19.121286925535774,13.484219479226617
Incidence,Shizuoka,Male,Age-standardized,Schizophrenia,Rate,2008,19.33848329363971,23.12114086828327,16.272260810253414
Incidence,Shizuoka,Female,Age-standardized,Schizophrenia,Rate,2008,16.22988734308606,19.197747679253784,13.580905598468643
Incidence,Shizuoka,Male,Age-standardized,Schizophrenia,Rate,2009,19.375648187301373,23.16942619113522,16.343946678014838
Incidence,Shizuoka,Female,Age-standardized,Schizophrenia,Rate,2009,16.343852775375545,19.315990933799373,13.65951742363082
Incidence,Shizuoka,Male,Age-standardized,Schizophrenia,Rate,2010,19.398783980821467,23.390004910172397,16.310263085554865
Incidence,Shizuoka,Female,Age-standardized,Schizophrenia,Rate,2010,16.424207241600516,19.502863164817683,13.699385347893918
Incidence,Shizuoka,Male,Age-standardized,Schizophrenia,Rate,2011,19.410726282854046,23.18221175465591,16.299512528041358
Incidence,Shizuoka,Female,Age-standardized,Schizophrenia,Rate,2011,16.47442771291447,19.51703049799221,13.752407090849204
Incidence,Shizuoka,Male,Age-standardized,Schizophrenia,Rate,2012,19.416212675751037,23.047991731059838,16.30412831581107
Incidence,Shizuoka,Female,Age-standardized,Schizophrenia,Rate,2012,16.518266384937437,19.524139013512052,13.797986213223183
Incidence,Shizuoka,Male,Age-standardized,Schizophrenia,Rate,2013,19.40764459933924,23.01348033279728,16.383760533811937
Incidence,Shizuoka,Female,Age-standardized,Schizophrenia,Rate,2013,16.55772525282962,19.5761277220736,13.862134565769445
Incidence,Shizuoka,Male,Age-standardized,Schizophrenia,Rate,2014,19.377423493445473,23.06006441275078,16.264924210683326
Incidence,Shizuoka,Female,Age-standardized,Schizophrenia,Rate,2014,16.59480631175123,19.69131202743316,13.831223359400246
Incidence,Shizuoka,Male,Age-standardized,Schizophrenia,Rate,2015,19.317950797896547,23.050688403102154,16.10558093656945
Incidence,Shizuoka,Female,Age-standardized,Schizophrenia,Rate,2015,16.631511556862485,19.86299903192973,13.89280263674762
Incidence,Shizuoka,Male,Age-standardized,Schizophrenia,Rate,2016,18.988739459979225,22.469167603082926,15.988258217455257
Incidence,Shizuoka,Female,Age-standardized,Schizophrenia,Rate,2016,16.623404674057007,19.677861781105143,14.002129713553522
Incidence,Shizuoka,Male,Age-standardized,Schizophrenia,Rate,2017,18.70724905689108,22.1677804583793,15.521256836916027
Incidence,Shizuoka,Female,Age-standardized,Schizophrenia,Rate,2017,16.590824221383684,19.59172615086558,13.997748831179319
Incidence,Shizuoka,Male,Age-standardized,Schizophrenia,Rate,2018,18.822543526442278,22.269767244731895,15.793914281314331
Incidence,Shizuoka,Female,Age-standardized,Schizophrenia,Rate,2018,16.357683647092053,19.34245603970141,13.745440175707543
Incidence,Shizuoka,Male,Age-standardized,Schizophrenia,Rate,2019,19.17349103196546,22.81201452655074,16.00416029517067
Incidence,Shizuoka,Female,Age-standardized,Schizophrenia,Rate,2019,15.861348690403055,18.921860604385774,13.23179320395363
Incidence,Iwate,Male,Age-standardized,Schizophrenia,Rate,1990,19.262412230821234,22.908491209074022,16.14469575882498
Incidence,Iwate,Female,Age-standardized,Schizophrenia,Rate,1990,16.068976024543375,19.15617752228873,13.436391453547996
Incidence,Iwate,Male,Age-standardized,Schizophrenia,Rate,1991,19.26856089022063,22.786932035996,16.190144339154152
Incidence,Iwate,Female,Age-standardized,Schizophrenia,Rate,1991,16.05522369565506,19.078560565342823,13.459681878244501
Incidence,Iwate,Male,Age-standardized,Schizophrenia,Rate,1992,19.273222016160997,22.78152428748414,16.22745525588844
Incidence,Iwate,Female,Age-standardized,Schizophrenia,Rate,1992,16.043595434341526,19.146736608108444,13.4144660821463
Incidence,Iwate,Male,Age-standardized,Schizophrenia,Rate,1993,19.276321561535365,22.763512751313584,16.20931862331552
Incidence,Iwate,Female,Age-standardized,Schizophrenia,Rate,1993,16.03461286926383,19.14511641912966,13.340638223289002
Incidence,Iwate,Male,Age-standardized,Schizophrenia,Rate,1994,19.27778547923676,22.824895678475855,16.164411245229886
Incidence,Iwate,Female,Age-standardized,Schizophrenia,Rate,1994,16.028797629083016,19.102241083475437,13.36620942555992
Incidence,Iwate,Male,Age-standardized,Schizophrenia,Rate,1995,19.2775397221582,22.883727646181292,16.094775357563286
Incidence,Iwate,Female,Age-standardized,Schizophrenia,Rate,1995,16.026671342460123,19.232446014766698,13.312148537926443
Incidence,Iwate,Male,Age-standardized,Schizophrenia,Rate,1996,19.2743645202024,22.84802670408233,16.13362165189886
Incidence,Iwate,Female,Age-standardized,Schizophrenia,Rate,1996,16.028861578289415,19.07213761140996,13.310199603326577
Incidence,Iwate,Male,Age-standardized,Schizophrenia,Rate,1997,19.268426324579718,22.800677841978484,16.08262323565571
Incidence,Iwate,Female,Age-standardized,Schizophrenia,Rate,1997,16.034052708786867,19.159997483520133,13.347210447515218
Incidence,Iwate,Male,Age-standardized,Schizophrenia,Rate,1998,19.26173042014468,22.909362116161887,16.183170666642262
Incidence,Iwate,Female,Age-standardized,Schizophrenia,Rate,1998,16.03985156759609,19.072776542930512,13.434475819222463
Incidence,Iwate,Male,Age-standardized,Schizophrenia,Rate,1999,19.256282091751814,22.807324612523736,16.165435882228817
Incidence,Iwate,Female,Age-standardized,Schizophrenia,Rate,1999,16.04386498836071,19.03081057200551,13.385454520843211
Incidence,Iwate,Male,Age-standardized,Schizophrenia,Rate,2000,19.25408662425564,22.80087423153613,16.17453366425588
Incidence,Iwate,Female,Age-standardized,Schizophrenia,Rate,2000,16.043699804724326,19.04230276223882,13.33430341088937
Incidence,Iwate,Male,Age-standardized,Schizophrenia,Rate,2001,19.255731779449164,22.693341248044067,16.180450622114076
Incidence,Iwate,Female,Age-standardized,Schizophrenia,Rate,2001,16.03622942866618,18.977836294303167,13.359571871531246
Incidence,Iwate,Male,Age-standardized,Schizophrenia,Rate,2002,19.260026073934583,22.760414282531535,16.179550435722778
Incidence,Iwate,Female,Age-standardized,Schizophrenia,Rate,2002,16.02316940106745,18.94202078799899,13.414109733150362
Incidence,Iwate,Male,Age-standardized,Schizophrenia,Rate,2003,19.26630592478018,22.757554377492063,16.178244426650366
Incidence,Iwate,Female,Age-standardized,Schizophrenia,Rate,2003,16.009389748924704,18.989179544745006,13.439344265390512
Incidence,Iwate,Male,Age-standardized,Schizophrenia,Rate,2004,19.273907749054256,22.855243620207638,16.114737319688427
Incidence,Iwate,Female,Age-standardized,Schizophrenia,Rate,2004,15.999760499234492,18.919894755468704,13.472614510581812
Incidence,Iwate,Male,Age-standardized,Schizophrenia,Rate,2005,19.282167963825092,22.956371468994938,16.08098301829375
Incidence,Iwate,Female,Age-standardized,Schizophrenia,Rate,2005,15.999151678993387,18.93952115333296,13.485368291723006
Incidence,Iwate,Male,Age-standardized,Schizophrenia,Rate,2006,19.301779194624903,22.877337052246403,16.2241056701091
Incidence,Iwate,Female,Age-standardized,Schizophrenia,Rate,2006,16.04371006586929,19.003449838150605,13.608238384590452
Incidence,Iwate,Male,Age-standardized,Schizophrenia,Rate,2007,19.336982918536307,22.901418177053642,16.20033372666768
Incidence,Iwate,Female,Age-standardized,Schizophrenia,Rate,2007,16.144726141905867,19.153611394375332,13.698951010815634
Incidence,Iwate,Male,Age-standardized,Schizophrenia,Rate,2008,19.377438829953267,22.89677398596233,16.146319087335726
Incidence,Iwate,Female,Age-standardized,Schizophrenia,Rate,2008,16.269785490663274,19.298681415672498,13.793937068260737
Incidence,Iwate,Male,Age-standardized,Schizophrenia,Rate,2009,19.41280662326974,22.867568906343354,16.246163364974006
Incidence,Iwate,Female,Age-standardized,Schizophrenia,Rate,2009,16.38647369570169,19.522821069652874,13.885505381001632
Incidence,Iwate,Male,Age-standardized,Schizophrenia,Rate,2010,19.432745992879678,22.936515023334653,16.157936144209263
Incidence,Iwate,Female,Age-standardized,Schizophrenia,Rate,2010,16.462376340581265,19.633949081987446,13.856309093672145
Incidence,Iwate,Male,Age-standardized,Schizophrenia,Rate,2011,19.441070492702625,23.00233459973993,16.178986385988836
Incidence,Iwate,Female,Age-standardized,Schizophrenia,Rate,2011,16.50466769992418,19.591652469857806,13.962160236690664
Incidence,Iwate,Male,Age-standardized,Schizophrenia,Rate,2012,19.444615836412744,23.060982602667153,16.265742855398305
Incidence,Iwate,Female,Age-standardized,Schizophrenia,Rate,2012,16.54266610057107,19.582463236124656,13.961876818887946
Incidence,Iwate,Male,Age-standardized,Schizophrenia,Rate,2013,19.437574958035896,23.11845551956113,16.323915578469652
Incidence,Iwate,Female,Age-standardized,Schizophrenia,Rate,2013,16.577173204409824,19.56842555298795,13.99007082254145
Incidence,Iwate,Male,Age-standardized,Schizophrenia,Rate,2014,19.414140791597937,23.130443450664742,16.34900588454898
Incidence,Iwate,Female,Age-standardized,Schizophrenia,Rate,2014,16.608990673328343,19.56074641007289,13.929187508704974
Incidence,Iwate,Male,Age-standardized,Schizophrenia,Rate,2015,19.36850627112472,23.28564682757661,16.237507465596337
Incidence,Iwate,Female,Age-standardized,Schizophrenia,Rate,2015,16.63892016921452,19.635522971849785,13.857790586163006
Incidence,Iwate,Male,Age-standardized,Schizophrenia,Rate,2016,19.023279564735464,22.61814612295389,15.916839556158953
Incidence,Iwate,Female,Age-standardized,Schizophrenia,Rate,2016,16.621401062400828,19.564452534568705,14.079850601845601
Incidence,Iwate,Male,Age-standardized,Schizophrenia,Rate,2017,18.72115385648431,22.27452174550755,15.663666429915617
Incidence,Iwate,Female,Age-standardized,Schizophrenia,Rate,2017,16.5857797646688,19.541076330051993,13.991718432349824
Incidence,Iwate,Male,Age-standardized,Schizophrenia,Rate,2018,18.829608436150423,22.37720886688639,15.766617995987227
Incidence,Iwate,Female,Age-standardized,Schizophrenia,Rate,2018,16.368932943395116,19.27397241300522,13.895755155366707
Incidence,Iwate,Male,Age-standardized,Schizophrenia,Rate,2019,19.15526760751405,22.700889909078473,15.87566376454111
Incidence,Iwate,Female,Age-standardized,Schizophrenia,Rate,2019,15.904910344740204,18.866386887724794,13.312951676696253
Incidence,Okinawa,Male,Age-standardized,Schizophrenia,Rate,1990,19.334863890445003,22.9930222810443,16.091696309828755
Incidence,Okinawa,Female,Age-standardized,Schizophrenia,Rate,1990,16.046739419245544,19.066920253605623,13.529709893172736
Incidence,Okinawa,Male,Age-standardized,Schizophrenia,Rate,1991,19.335695361548485,22.87736220560455,16.19931393983464
Incidence,Okinawa,Female,Age-standardized,Schizophrenia,Rate,1991,16.02105792005546,19.055430516235546,13.579888505961812
Incidence,Okinawa,Male,Age-standardized,Schizophrenia,Rate,1992,19.334368644561074,22.8307866641051,16.1798977444723
Incidence,Okinawa,Female,Age-standardized,Schizophrenia,Rate,1992,15.999704342285375,19.026872292755513,13.55392451741226
Incidence,Okinawa,Male,Age-standardized,Schizophrenia,Rate,1993,19.33163172321294,22.76559954430824,16.140790181195428
Incidence,Okinawa,Female,Age-standardized,Schizophrenia,Rate,1993,15.983668772644808,18.972550671340237,13.473021249004299
Incidence,Okinawa,Male,Age-standardized,Schizophrenia,Rate,1994,19.32823258123426,22.93555827564481,16.12339129133671
Incidence,Okinawa,Female,Age-standardized,Schizophrenia,Rate,1994,15.973941297843295,18.995384336887028,13.419107842850444
Incidence,Okinawa,Male,Age-standardized,Schizophrenia,Rate,1995,19.324919202355183,22.956220484875494,16.141875166296714
Incidence,Okinawa,Female,Age-standardized,Schizophrenia,Rate,1995,15.971512004590355,18.965958732471467,13.347315380933086
Incidence,Okinawa,Male,Age-standardized,Schizophrenia,Rate,1996,19.316810418660367,22.934988578794293,16.203208409928056
Incidence,Okinawa,Female,Age-standardized,Schizophrenia,Rate,1996,15.976826291008335,18.908979539571483,13.397095341937282
Incidence,Okinawa,Male,Age-standardized,Schizophrenia,Rate,1997,19.301757073616276,22.893112211016643,16.20207570934175
Incidence,Okinawa,Female,Age-standardized,Schizophrenia,Rate,1997,15.987555175918141,18.778119879140764,13.54909874753275
Incidence,Okinawa,Male,Age-standardized,Schizophrenia,Rate,1998,19.28460516802583,22.84039597731025,16.143348895307263
Incidence,Okinawa,Female,Age-standardized,Schizophrenia,Rate,1998,16.00052717707717,18.7578331404935,13.528509815597642
Incidence,Okinawa,Male,Age-standardized,Schizophrenia,Rate,1999,19.27020070269196,22.83158026453823,16.081753068640467
Incidence,Okinawa,Female,Age-standardized,Schizophrenia,Rate,1999,16.01257081224282,18.696402608315637,13.572338615084204
Incidence,Okinawa,Male,Age-standardized,Schizophrenia,Rate,2000,19.26338967841758,22.92817043394065,16.05524410785952
Incidence,Okinawa,Female,Age-standardized,Schizophrenia,Rate,2000,16.02051459917247,18.729732298960926,13.493749451731993
Incidence,Okinawa,Male,Age-standardized,Schizophrenia,Rate,2001,19.263961479663024,22.870789607226783,16.08454878055265
Incidence,Okinawa,Female,Age-standardized,Schizophrenia,Rate,2001,16.023437350069166,18.680425821972673,13.554762905850724
Incidence,Okinawa,Male,Age-standardized,Schizophrenia,Rate,2002,19.26779555625773,22.861908360166506,16.072606478774915
Incidence,Okinawa,Female,Age-standardized,Schizophrenia,Rate,2002,16.024315227061106,18.635002069796673,13.596037295285054
Incidence,Okinawa,Male,Age-standardized,Schizophrenia,Rate,2003,19.273873007058373,22.780587574062462,16.14785439122483
Incidence,Okinawa,Female,Age-standardized,Schizophrenia,Rate,2003,16.02582277279343,18.618474000937667,13.581789374866382
Incidence,Okinawa,Male,Age-standardized,Schizophrenia,Rate,2004,19.281174930921583,22.82666680873402,16.090639363839763
Incidence,Okinawa,Female,Age-standardized,Schizophrenia,Rate,2004,16.03063452991127,18.65786429716873,13.481681722382293
Incidence,Okinawa,Male,Age-standardized,Schizophrenia,Rate,2005,19.288682426704018,22.848458462032898,16.174102832309266
Incidence,Okinawa,Female,Age-standardized,Schizophrenia,Rate,2005,16.04142504105977,18.738124086666794,13.412392029709522
Incidence,Okinawa,Male,Age-standardized,Schizophrenia,Rate,2006,19.30372777016321,22.776748090950342,16.194950069246904
Incidence,Okinawa,Female,Age-standardized,Schizophrenia,Rate,2006,16.080712109823036,18.743362327728804,13.521588060439427
Incidence,Okinawa,Male,Age-standardized,Schizophrenia,Rate,2007,19.32966552608204,22.840884602669412,16.243408677633216
Incidence,Okinawa,Female,Age-standardized,Schizophrenia,Rate,2007,16.15554045381768,18.830694371328292,13.660295792268577
Incidence,Okinawa,Male,Age-standardized,Schizophrenia,Rate,2008,19.359510226855154,22.909488934773503,16.255687572171592
Incidence,Okinawa,Female,Age-standardized,Schizophrenia,Rate,2008,16.24537498673757,18.91423495293177,13.61934868923284
Incidence,Okinawa,Male,Age-standardized,Schizophrenia,Rate,2009,19.386276404877204,22.98816875080434,16.340959897020127
Incidence,Okinawa,Female,Age-standardized,Schizophrenia,Rate,2009,16.329680622276587,19.212587240080747,13.731692196453569
Incidence,Okinawa,Male,Age-standardized,Schizophrenia,Rate,2010,19.402978592542837,23.103732897690367,16.291841879573216
Incidence,Okinawa,Female,Age-standardized,Schizophrenia,Rate,2010,16.387922274128602,19.421379570886337,13.6568561910666
Incidence,Okinawa,Male,Age-standardized,Schizophrenia,Rate,2011,19.415680687384068,23.14701649900659,16.37414655403597
Incidence,Okinawa,Female,Age-standardized,Schizophrenia,Rate,2011,16.430027024846243,19.447061781619166,13.776566253062127
Incidence,Okinawa,Male,Age-standardized,Schizophrenia,Rate,2012,19.42913342467926,23.142602372284838,16.403883304698844
Incidence,Okinawa,Female,Age-standardized,Schizophrenia,Rate,2012,16.47654584574451,19.467167244877437,13.890629821506197
Incidence,Okinawa,Male,Age-standardized,Schizophrenia,Rate,2013,19.434381593442602,23.024984474198146,16.404363804734082
Incidence,Okinawa,Female,Age-standardized,Schizophrenia,Rate,2013,16.522879483660837,19.47802563038028,13.895752727704787
Incidence,Okinawa,Male,Age-standardized,Schizophrenia,Rate,2014,19.42246998268827,22.91191283315684,16.393654441296825
Incidence,Okinawa,Female,Age-standardized,Schizophrenia,Rate,2014,16.564428685432652,19.59189321838152,13.871485760233128
Incidence,Okinawa,Male,Age-standardized,Schizophrenia,Rate,2015,19.38444338143045,22.885483734401912,16.324641974945127
Incidence,Okinawa,Female,Age-standardized,Schizophrenia,Rate,2015,16.596594197897378,19.71418900516667,13.908309763236822
Incidence,Okinawa,Male,Age-standardized,Schizophrenia,Rate,2016,19.040453058229765,22.453881508592932,16.082780295806003
Incidence,Okinawa,Female,Age-standardized,Schizophrenia,Rate,2016,16.603409119044976,19.549194097129696,14.002101530645211
Incidence,Okinawa,Male,Age-standardized,Schizophrenia,Rate,2017,18.72862981292778,22.250394385670734,15.732500156391657
Incidence,Okinawa,Female,Age-standardized,Schizophrenia,Rate,2017,16.595433979883104,19.492252900566246,13.947670150074032
Incidence,Okinawa,Male,Age-standardized,Schizophrenia,Rate,2018,18.827752905250655,22.080897019119508,15.864748701452738
Incidence,Okinawa,Female,Age-standardized,Schizophrenia,Rate,2018,16.387936135588625,19.253516485371378,13.86231383166872
Incidence,Okinawa,Male,Age-standardized,Schizophrenia,Rate,2019,19.144566117619753,22.6372176518369,15.95921334678196
Incidence,Okinawa,Female,Age-standardized,Schizophrenia,Rate,2019,15.930051183814312,18.937048603432327,13.37950835358451
Incidence,Tokushima,Male,Age-standardized,Schizophrenia,Rate,1990,19.337544577325684,22.827240494113763,16.213639537830215
Incidence,Tokushima,Female,Age-standardized,Schizophrenia,Rate,1990,16.084343453478393,19.097539338617878,13.364028613477672
Incidence,Tokushima,Male,Age-standardized,Schizophrenia,Rate,1991,19.34875660072362,22.893584187052515,16.205916357946933
Incidence,Tokushima,Female,Age-standardized,Schizophrenia,Rate,1991,16.066711070565766,19.019435564275913,13.403886714144654
Incidence,Tokushima,Male,Age-standardized,Schizophrenia,Rate,1992,19.356842699700238,23.10451152537528,16.235688692512568
Incidence,Tokushima,Female,Age-standardized,Schizophrenia,Rate,1992,16.049505284718613,18.908884845863902,13.417218961429551
Incidence,Tokushima,Male,Age-standardized,Schizophrenia,Rate,1993,19.362068445572472,23.106786348625327,16.19132333392763
Incidence,Tokushima,Female,Age-standardized,Schizophrenia,Rate,1993,16.034118639157793,18.975773907184337,13.403039452790436
Incidence,Tokushima,Male,Age-standardized,Schizophrenia,Rate,1994,19.364699409657266,23.126180593256585,16.143478116193762
Incidence,Tokushima,Female,Age-standardized,Schizophrenia,Rate,1994,16.021943677104165,19.04506777654233,13.378571160823876
Incidence,Tokushima,Male,Age-standardized,Schizophrenia,Rate,1995,19.365001163271536,23.2945633501078,16.063639058895436
Incidence,Tokushima,Female,Age-standardized,Schizophrenia,Rate,1995,16.014372941778586,19.153244658226566,13.346744689360614
Incidence,Tokushima,Male,Age-standardized,Schizophrenia,Rate,1996,19.360151766995934,23.14619509387451,16.149373002207867
Incidence,Tokushima,Female,Age-standardized,Schizophrenia,Rate,1996,16.007000789271565,19.11017470195971,13.393894188011611
Incidence,Tokushima,Male,Age-standardized,Schizophrenia,Rate,1997,19.349474782158072,23.15544681774155,16.170405586685327
Incidence,Tokushima,Female,Age-standardized,Schizophrenia,Rate,1997,15.99625858774348,19.004871254960577,13.388734625782952
Incidence,Tokushima,Male,Age-standardized,Schizophrenia,Rate,1998,19.336454031195363,23.04899315313087,16.14906156717149
Incidence,Tokushima,Female,Age-standardized,Schizophrenia,Rate,1998,15.98479439852002,18.961283438162823,13.369618737085442
Incidence,Tokushima,Male,Age-standardized,Schizophrenia,Rate,1999,19.324573336545203,23.010257008816804,16.11474299484928
Incidence,Tokushima,Female,Age-standardized,Schizophrenia,Rate,1999,15.97525628292686,18.922110235324904,13.372327141932368
Incidence,Tokushima,Male,Age-standardized,Schizophrenia,Rate,2000,19.317316520644987,23.03635348633074,16.1499280820979
Incidence,Tokushima,Female,Age-standardized,Schizophrenia,Rate,2000,15.970292302289678,18.865103534756155,13.338271519928972
Incidence,Tokushima,Male,Age-standardized,Schizophrenia,Rate,2001,19.309191347223496,22.966579584854856,16.151915971595255
Incidence,Tokushima,Female,Age-standardized,Schizophrenia,Rate,2001,15.969858212323107,18.836400172118662,13.410488293796922
Incidence,Tokushima,Male,Age-standardized,Schizophrenia,Rate,2002,19.295810566336673,22.922203066808446,16.214563256935126
Incidence,Tokushima,Female,Age-standardized,Schizophrenia,Rate,2002,15.97228507064762,18.84710530973308,13.405288570029821
Incidence,Tokushima,Male,Age-standardized,Schizophrenia,Rate,2003,19.28231547991268,22.80771382032054,16.191357884356123
Incidence,Tokushima,Female,Age-standardized,Schizophrenia,Rate,2003,15.977783891447652,18.840763187906173,13.400878473436153
Incidence,Tokushima,Male,Age-standardized,Schizophrenia,Rate,2004,19.273847389879677,22.781090266461014,16.242679502464384
Incidence,Tokushima,Female,Age-standardized,Schizophrenia,Rate,2004,15.986565688907639,18.867214675698825,13.4003086775403
Incidence,Tokushima,Male,Age-standardized,Schizophrenia,Rate,2005,19.275547598165826,22.809844600604553,16.175145020355778
Incidence,Tokushima,Female,Age-standardized,Schizophrenia,Rate,2005,15.998841477212018,18.905394728333196,13.350070220348464
Incidence,Tokushima,Male,Age-standardized,Schizophrenia,Rate,2006,19.28887350150379,22.802086961307133,16.22484035816058
Incidence,Tokushima,Female,Age-standardized,Schizophrenia,Rate,2006,16.052813406884574,19.00770342941849,13.382933673358268
Incidence,Tokushima,Male,Age-standardized,Schizophrenia,Rate,2007,19.30884820390415,22.762143019054527,16.20960431364076
Incidence,Tokushima,Female,Age-standardized,Schizophrenia,Rate,2007,16.163327608968295,19.073571494673086,13.475988438608358
Incidence,Tokushima,Male,Age-standardized,Schizophrenia,Rate,2008,19.330961568211933,22.68592747298671,16.236552816495998
Incidence,Tokushima,Female,Age-standardized,Schizophrenia,Rate,2008,16.295561068426405,19.19329672226572,13.621697029292838
Incidence,Tokushima,Male,Age-standardized,Schizophrenia,Rate,2009,19.350703457272186,22.680983093265535,16.26193708112653
Incidence,Tokushima,Female,Age-standardized,Schizophrenia,Rate,2009,16.414690770222112,19.420821646852296,13.802051322269637
Incidence,Tokushima,Male,Age-standardized,Schizophrenia,Rate,2010,19.36356373392993,22.77461170750734,16.22574670912033
Incidence,Tokushima,Female,Age-standardized,Schizophrenia,Rate,2010,16.48589369931864,19.596609394170354,13.753077760717936
Incidence,Tokushima,Male,Age-standardized,Schizophrenia,Rate,2011,19.376628894376037,22.73401587950978,16.252623906690758
Incidence,Tokushima,Female,Age-standardized,Schizophrenia,Rate,2011,16.519137731880186,19.494485174899257,13.905345814461812
Incidence,Tokushima,Male,Age-standardized,Schizophrenia,Rate,2012,19.393535568726456,22.77457081982425,16.30711981363893
Incidence,Tokushima,Female,Age-standardized,Schizophrenia,Rate,2012,16.547575518990563,19.50208313420873,13.955346771318057
Incidence,Tokushima,Male,Age-standardized,Schizophrenia,Rate,2013,19.40459882071382,22.908615193750173,16.30643875154288
Incidence,Tokushima,Female,Age-standardized,Schizophrenia,Rate,2013,16.571161207992485,19.471052287106478,14.00014310556768
Incidence,Tokushima,Male,Age-standardized,Schizophrenia,Rate,2014,19.400133714070762,22.964301979694905,16.319667720996584
Incidence,Tokushima,Female,Age-standardized,Schizophrenia,Rate,2014,16.589848946228653,19.51046828756394,13.985090065476598
Incidence,Tokushima,Male,Age-standardized,Schizophrenia,Rate,2015,19.37045531252992,23.084627866125057,16.253262766787223
Incidence,Tokushima,Female,Age-standardized,Schizophrenia,Rate,2015,16.603592881041756,19.569374936767666,13.95986752016523
Incidence,Tokushima,Male,Age-standardized,Schizophrenia,Rate,2016,19.054111455288126,22.40199481943553,15.951621072093776
Incidence,Tokushima,Female,Age-standardized,Schizophrenia,Rate,2016,16.60512773491846,19.43582085662477,14.02833581530675
Incidence,Tokushima,Male,Age-standardized,Schizophrenia,Rate,2017,18.763775871601972,22.244306568790815,15.737260901897107
Incidence,Tokushima,Female,Age-standardized,Schizophrenia,Rate,2017,16.598859905588025,19.82783950078423,14.063097340820182
Incidence,Tokushima,Male,Age-standardized,Schizophrenia,Rate,2018,18.839288255393008,22.243794012700608,15.750493303196393
Incidence,Tokushima,Female,Age-standardized,Schizophrenia,Rate,2018,16.39455365028771,19.330256569088778,13.783951485857413
Incidence,Tokushima,Male,Age-standardized,Schizophrenia,Rate,2019,19.086699781120636,22.860850362174762,15.846802495695986
Incidence,Tokushima,Female,Age-standardized,Schizophrenia,Rate,2019,15.946073014901627,18.850412753295615,13.246936234220579
Incidence,Kōchi,Male,Age-standardized,Schizophrenia,Rate,1990,19.286526105732044,23.211407032342592,16.26735288620392
Incidence,Kōchi,Female,Age-standardized,Schizophrenia,Rate,1990,16.120306900097827,19.05632118190544,13.40899910139705
Incidence,Kōchi,Male,Age-standardized,Schizophrenia,Rate,1991,19.312731317105285,22.91989460193246,16.28796413110482
Incidence,Kōchi,Female,Age-standardized,Schizophrenia,Rate,1991,16.042994283183692,18.913077173680247,13.486743592834467
Incidence,Kōchi,Male,Age-standardized,Schizophrenia,Rate,1992,19.33303823681807,22.817986452485343,16.28450178281801
Incidence,Kōchi,Female,Age-standardized,Schizophrenia,Rate,1992,15.979003012310587,18.830663977012676,13.447157488551387
Incidence,Kōchi,Male,Age-standardized,Schizophrenia,Rate,1993,19.34736821626431,22.914297097953273,16.21460840607847
Incidence,Kōchi,Female,Age-standardized,Schizophrenia,Rate,1993,15.93026410600903,18.73384104896727,13.39133793419448
Incidence,Kōchi,Male,Age-standardized,Schizophrenia,Rate,1994,19.355642606837954,23.044243858046936,16.103089047746362
Incidence,Kōchi,Female,Age-standardized,Schizophrenia,Rate,1994,15.898708582809533,18.7906667188269,13.324927202791066
Incidence,Kōchi,Male,Age-standardized,Schizophrenia,Rate,1995,19.35778275993292,23.101533918791098,16.029371779602716
Incidence,Kōchi,Female,Age-standardized,Schizophrenia,Rate,1995,15.886267461242621,18.827951590741062,13.210953371986067
Incidence,Kōchi,Male,Age-standardized,Schizophrenia,Rate,1996,19.34921690354381,22.99512155812008,16.128563433687034
Incidence,Kōchi,Female,Age-standardized,Schizophrenia,Rate,1996,15.896863339637294,18.797765404020545,13.3609635167987
Incidence,Kōchi,Male,Age-standardized,Schizophrenia,Rate,1997,19.33003528064015,22.88057402337957,16.193943629289148
Incidence,Kōchi,Female,Age-standardized,Schizophrenia,Rate,1997,15.925623064726079,18.802116261161448,13.384951850130077
Incidence,Kōchi,Male,Age-standardized,Schizophrenia,Rate,1998,19.30715226507828,22.817686166642908,16.21222807919456
Incidence,Kōchi,Female,Age-standardized,Schizophrenia,Rate,1998,15.961284027644755,18.88947302583906,13.42427854896987
Incidence,Kōchi,Male,Age-standardized,Schizophrenia,Rate,1999,19.28748223071454,22.841590610583232,16.23529040407983
Incidence,Kōchi,Female,Age-standardized,Schizophrenia,Rate,1999,15.992583619529102,18.928757896702066,13.413871787597683
Incidence,Kōchi,Male,Age-standardized,Schizophrenia,Rate,2000,19.277939551405282,22.8360916663847,16.173007808844268
Incidence,Kōchi,Female,Age-standardized,Schizophrenia,Rate,2000,16.008259231514906,19.004519957047275,13.41405195093996
Incidence,Kōchi,Male,Age-standardized,Schizophrenia,Rate,2001,19.275829489265085,22.94225272200652,16.26256683452689
Incidence,Kōchi,Female,Age-standardized,Schizophrenia,Rate,2001,16.013746294005145,18.903439970305616,13.389935668269123
Incidence,Kōchi,Male,Age-standardized,Schizophrenia,Rate,2002,19.27443250914332,22.943392232733025,16.35719200272171
Incidence,Kōchi,Female,Age-standardized,Schizophrenia,Rate,2002,16.021235481412404,18.89242253589636,13.362048272722816
Incidence,Kōchi,Male,Age-standardized,Schizophrenia,Rate,2003,19.27462578899849,22.91273170860313,16.31816222149848
Incidence,Kōchi,Female,Age-standardized,Schizophrenia,Rate,2003,16.029597050886856,18.88354281554066,13.327011249448484
Incidence,Kōchi,Male,Age-standardized,Schizophrenia,Rate,2004,19.277286506789114,22.958521562277316,16.308511843829617
Incidence,Kōchi,Female,Age-standardized,Schizophrenia,Rate,2004,16.037701259578682,18.84217879200454,13.35410899246283
Incidence,Kōchi,Male,Age-standardized,Schizophrenia,Rate,2005,19.283291840473698,22.88411024886446,16.256897112593546
Incidence,Kōchi,Female,Age-standardized,Schizophrenia,Rate,2005,16.044418364638066,18.833897463782666,13.413020060004943
Incidence,Kōchi,Male,Age-standardized,Schizophrenia,Rate,2006,19.30209447881393,22.87895557886756,16.3960339995377
Incidence,Kōchi,Female,Age-standardized,Schizophrenia,Rate,2006,16.08312495103424,18.91689690624282,13.455817463906657
Incidence,Kōchi,Male,Age-standardized,Schizophrenia,Rate,2007,19.336195299068418,22.78906599191324,16.3943687661744
Incidence,Kōchi,Female,Age-standardized,Schizophrenia,Rate,2007,16.169698097219797,19.09065105603718,13.576661807816183
Incidence,Kōchi,Male,Age-standardized,Schizophrenia,Rate,2008,19.376043761941027,22.843326341387918,16.35978577353831
Incidence,Kōchi,Female,Age-standardized,Schizophrenia,Rate,2008,16.276758800569972,19.284582483783158,13.727191635248083
Incidence,Kōchi,Male,Age-standardized,Schizophrenia,Rate,2009,19.412089328135625,22.969034409258768,16.37336349277631
Incidence,Kōchi,Female,Age-standardized,Schizophrenia,Rate,2009,16.376928058459992,19.419330693351775,13.823120534054423
Incidence,Kōchi,Male,Age-standardized,Schizophrenia,Rate,2010,19.43478145835609,22.9556372974685,16.305485953461066
Incidence,Kōchi,Female,Age-standardized,Schizophrenia,Rate,2010,16.442826868265087,19.612745367565747,13.870528882390916
Incidence,Kōchi,Male,Age-standardized,Schizophrenia,Rate,2011,19.449772163492906,22.876892998836887,16.376852223123638
Incidence,Kōchi,Female,Age-standardized,Schizophrenia,Rate,2011,16.487187600840965,19.605239595848435,13.929775426672517
Incidence,Kōchi,Male,Age-standardized,Schizophrenia,Rate,2012,19.462525997005304,22.97272152111756,16.370449632436454
Incidence,Kōchi,Female,Age-standardized,Schizophrenia,Rate,2012,16.53645405167606,19.488252300096008,13.963161152887512
Incidence,Kōchi,Male,Age-standardized,Schizophrenia,Rate,2013,19.463211233450256,22.965505148254014,16.370036988292256
Incidence,Kōchi,Female,Age-standardized,Schizophrenia,Rate,2013,16.583814355094646,19.407045399713237,13.964398221766707
Incidence,Kōchi,Male,Age-standardized,Schizophrenia,Rate,2014,19.441996147384724,22.99580722253732,16.26501015621383
Incidence,Kōchi,Female,Age-standardized,Schizophrenia,Rate,2014,16.62245664542102,19.48301649462437,13.95630666503358
Incidence,Kōchi,Male,Age-standardized,Schizophrenia,Rate,2015,19.38904901336567,23.05134441402991,16.110600988643462
Incidence,Kōchi,Female,Age-standardized,Schizophrenia,Rate,2015,16.645569056979465,19.64808562529939,13.931530143581375
Incidence,Kōchi,Male,Age-standardized,Schizophrenia,Rate,2016,19.03598302364044,22.438858792838452,15.955197530623737
Incidence,Kōchi,Female,Age-standardized,Schizophrenia,Rate,2016,16.58344220172292,19.40094676011214,13.96278946361318
Incidence,Kōchi,Male,Age-standardized,Schizophrenia,Rate,2017,18.725425883802487,22.27685585147391,15.65667369882891
Incidence,Kōchi,Female,Age-standardized,Schizophrenia,Rate,2017,16.50691734015164,19.453113742853677,13.789093480838979
Incidence,Kōchi,Male,Age-standardized,Schizophrenia,Rate,2018,18.81860298497281,22.188075716053707,15.854705892476789
Incidence,Kōchi,Female,Age-standardized,Schizophrenia,Rate,2018,16.305076037955573,18.975665233140074,13.70561770514953
Incidence,Kōchi,Male,Age-standardized,Schizophrenia,Rate,2019,19.118905927887237,22.710542679364234,16.023673203730862
Incidence,Kōchi,Female,Age-standardized,Schizophrenia,Rate,2019,15.890772776530339,18.76888869875109,13.228340969679964
Incidence,Ishikawa,Male,Age-standardized,Schizophrenia,Rate,1990,19.329761468608147,23.049343557608584,16.153018182666656
Incidence,Ishikawa,Female,Age-standardized,Schizophrenia,Rate,1990,16.088145530419585,19.154174689786306,13.550899434278929
Incidence,Ishikawa,Male,Age-standardized,Schizophrenia,Rate,1991,19.337278203251035,23.028601708540066,16.198674513097064
Incidence,Ishikawa,Female,Age-standardized,Schizophrenia,Rate,1991,16.05582988248249,19.030872958800305,13.515417100301285
Incidence,Ishikawa,Male,Age-standardized,Schizophrenia,Rate,1992,19.341183029947523,22.940413361440534,16.226237784156023
Incidence,Ishikawa,Female,Age-standardized,Schizophrenia,Rate,1992,16.028185335372935,18.980045725419565,13.447394321796722
Incidence,Ishikawa,Male,Age-standardized,Schizophrenia,Rate,1993,19.341965753111406,22.989602395534902,16.251394634655814
Incidence,Ishikawa,Female,Age-standardized,Schizophrenia,Rate,1993,16.006110950633754,18.94822131248398,13.362375673450105
Incidence,Ishikawa,Male,Age-standardized,Schizophrenia,Rate,1994,19.34011617715648,23.001928513243705,16.227735596604795
Incidence,Ishikawa,Female,Age-standardized,Schizophrenia,Rate,1994,15.990505789807791,18.969193917955277,13.351002562905009
Incidence,Ishikawa,Male,Age-standardized,Schizophrenia,Rate,1995,19.336124106496538,23.104169357896975,16.11023338310229
Incidence,Ishikawa,Female,Age-standardized,Schizophrenia,Rate,1995,15.982268914437872,18.907622478278462,13.255607637685689
Incidence,Ishikawa,Male,Age-standardized,Schizophrenia,Rate,1996,19.324795864929968,22.96848198931304,16.22323855380227
Incidence,Ishikawa,Female,Age-standardized,Schizophrenia,Rate,1996,15.981569002260484,18.96841675571461,13.302387002763158
Incidence,Ishikawa,Male,Age-standardized,Schizophrenia,Rate,1997,19.304733133291954,22.893504060023105,16.31105995019522
Incidence,Ishikawa,Female,Age-standardized,Schizophrenia,Rate,1997,15.986133565103739,18.90480579474103,13.333546254247272
Incidence,Ishikawa,Male,Age-standardized,Schizophrenia,Rate,1998,19.282118751551458,22.89022457293419,16.25007320495041
Incidence,Ishikawa,Female,Age-standardized,Schizophrenia,Rate,1998,15.993199915647933,18.858769889273635,13.355694377185918
Incidence,Ishikawa,Male,Age-standardized,Schizophrenia,Rate,1999,19.263135559677476,22.80858931015078,16.193845898186655
Incidence,Ishikawa,Female,Age-standardized,Schizophrenia,Rate,1999,16.00000536657336,18.91884730558405,13.388806755627137
Incidence,Ishikawa,Male,Age-standardized,Schizophrenia,Rate,2000,19.253966397638973,22.906134469809622,16.214964645531726
Incidence,Ishikawa,Female,Age-standardized,Schizophrenia,Rate,2000,16.00378723056032,19.0003920400232,13.420844103121079
Incidence,Ishikawa,Male,Age-standardized,Schizophrenia,Rate,2001,19.25150002832428,22.86390849492345,16.218694959282526
Incidence,Ishikawa,Female,Age-standardized,Schizophrenia,Rate,2001,16.007113393951617,19.01642204556596,13.46804765053545
Incidence,Ishikawa,Male,Age-standardized,Schizophrenia,Rate,2002,19.249157652972517,22.773682796188712,16.2634674003731
Incidence,Ishikawa,Female,Age-standardized,Schizophrenia,Rate,2002,16.014050760932502,19.045773645244573,13.498552555735284
Incidence,Ishikawa,Male,Age-standardized,Schizophrenia,Rate,2003,19.24792076907884,22.778809492168772,16.238290526451433
Incidence,Ishikawa,Female,Age-standardized,Schizophrenia,Rate,2003,16.024085170946922,18.98510996883762,13.543868696616451
Incidence,Ishikawa,Male,Age-standardized,Schizophrenia,Rate,2004,19.248770874138412,22.803335696100145,16.215192751047894
Incidence,Ishikawa,Female,Age-standardized,Schizophrenia,Rate,2004,16.036702463438825,19.074782665939775,13.560674366164275
Incidence,Ishikawa,Male,Age-standardized,Schizophrenia,Rate,2005,19.252689465646398,22.881987873987427,16.1082370451749
Incidence,Ishikawa,Female,Age-standardized,Schizophrenia,Rate,2005,16.05138847785216,19.19811698526212,13.51328722627177
Incidence,Ishikawa,Male,Age-standardized,Schizophrenia,Rate,2006,19.27256322477642,22.859157940603662,16.205191563521552
Incidence,Ishikawa,Female,Age-standardized,Schizophrenia,Rate,2006,16.100685336446574,19.14351404920709,13.59760430436707
Incidence,Ishikawa,Male,Age-standardized,Schizophrenia,Rate,2007,19.31218544884658,22.782939918213074,16.269687689399362
Incidence,Ishikawa,Female,Age-standardized,Schizophrenia,Rate,2007,16.198232478828338,19.182067713679135,13.696409363263742
Incidence,Ishikawa,Male,Age-standardized,Schizophrenia,Rate,2008,19.35889755956876,22.917553098202262,16.189685866809754
Incidence,Ishikawa,Female,Age-standardized,Schizophrenia,Rate,2008,16.315161720461337,19.366449294330536,13.802924683436226
Incidence,Ishikawa,Male,Age-standardized,Schizophrenia,Rate,2009,19.40004097865485,22.912512502196506,16.143843804772324
Incidence,Ishikawa,Female,Age-standardized,Schizophrenia,Rate,2009,16.422604876809476,19.49487316267184,13.837152795300538
Incidence,Ishikawa,Male,Age-standardized,Schizophrenia,Rate,2010,19.422957127816723,23.060528167110107,16.16907379888065
Incidence,Ishikawa,Female,Age-standardized,Schizophrenia,Rate,2010,16.49169376333665,19.690750176424952,13.835069828995405
Incidence,Ishikawa,Male,Age-standardized,Schizophrenia,Rate,2011,19.43924332477718,23.034111196493352,16.217898885396746
Incidence,Ishikawa,Female,Age-standardized,Schizophrenia,Rate,2011,16.527271226546894,19.514302760010025,13.887198873416853
Incidence,Ishikawa,Male,Age-standardized,Schizophrenia,Rate,2012,19.4612069856237,22.97203533403403,16.373841005758823
Incidence,Ishikawa,Female,Age-standardized,Schizophrenia,Rate,2012,16.554799745262653,19.465934664899756,13.942056060280503
Incidence,Ishikawa,Male,Age-standardized,Schizophrenia,Rate,2013,19.477254679615157,23.010102241704633,16.446815627875917
Incidence,Ishikawa,Female,Age-standardized,Schizophrenia,Rate,2013,16.57634058342541,19.416940933117854,13.909764074484357
Incidence,Ishikawa,Male,Age-standardized,Schizophrenia,Rate,2014,19.47579297601044,22.991373229862763,16.37033334763004
Incidence,Ishikawa,Female,Age-standardized,Schizophrenia,Rate,2014,16.593955004976653,19.440916073031204,13.891356533719568
Incidence,Ishikawa,Male,Age-standardized,Schizophrenia,Rate,2015,19.445228444068405,23.01487876780073,16.247371619815116
Incidence,Ishikawa,Female,Age-standardized,Schizophrenia,Rate,2015,16.609704273857865,19.529625392492623,13.82532715221774
Incidence,Ishikawa,Male,Age-standardized,Schizophrenia,Rate,2016,19.086282246331006,22.603365486259786,16.064549722481356
Incidence,Ishikawa,Female,Age-standardized,Schizophrenia,Rate,2016,16.590755740063987,19.425316219486167,14.026222181164961
Incidence,Ishikawa,Male,Age-standardized,Schizophrenia,Rate,2017,18.762993556768013,22.234798006419258,15.641193034187939
Incidence,Ishikawa,Female,Age-standardized,Schizophrenia,Rate,2017,16.555909578199966,19.461149003708034,13.967243255146949
Incidence,Ishikawa,Male,Age-standardized,Schizophrenia,Rate,2018,18.846646388168967,22.303910052745447,15.749995176994181
Incidence,Ishikawa,Female,Age-standardized,Schizophrenia,Rate,2018,16.36351193324066,19.244282546902216,13.689680407532983
Incidence,Ishikawa,Male,Age-standardized,Schizophrenia,Rate,2019,19.125547432054596,22.659945758283694,16.036404825153305
Incidence,Ishikawa,Female,Age-standardized,Schizophrenia,Rate,2019,15.96188588980772,18.87622317668824,13.281308209473556
Incidence,Hiroshima,Male,Age-standardized,Schizophrenia,Rate,1990,19.32028643781731,22.940305424134134,16.015520865651663
Incidence,Hiroshima,Female,Age-standardized,Schizophrenia,Rate,1990,16.126558795703783,19.12805014936527,13.527236207588668
Incidence,Hiroshima,Male,Age-standardized,Schizophrenia,Rate,1991,19.343269519686544,22.990486460704982,16.161144878335275
Incidence,Hiroshima,Female,Age-standardized,Schizophrenia,Rate,1991,16.084266472782897,18.998378387273313,13.556778352166656
Incidence,Hiroshima,Male,Age-standardized,Schizophrenia,Rate,1992,19.35987324614062,22.923007771858103,16.26295129707835
Incidence,Hiroshima,Female,Age-standardized,Schizophrenia,Rate,1992,16.046592139073276,18.846065409646968,13.499094330655975
Incidence,Hiroshima,Male,Age-standardized,Schizophrenia,Rate,1993,19.370436564457304,23.000702658144487,16.23122893089948
Incidence,Hiroshima,Female,Age-standardized,Schizophrenia,Rate,1993,16.01488979164689,18.773856286458724,13.389105580765312
Incidence,Hiroshima,Male,Age-standardized,Schizophrenia,Rate,1994,19.375298421914376,22.932232160052443,16.200302285084742
Incidence,Hiroshima,Female,Age-standardized,Schizophrenia,Rate,1994,15.990513427575738,18.71665075282239,13.356887885093526
Incidence,Hiroshima,Male,Age-standardized,Schizophrenia,Rate,1995,19.3747977657896,22.97968986408141,16.142728426037284
Incidence,Hiroshima,Female,Age-standardized,Schizophrenia,Rate,1995,15.974817043931791,18.727206750885117,13.331716845840825
Incidence,Hiroshima,Male,Age-standardized,Schizophrenia,Rate,1996,19.361082542307475,22.925420317136542,16.14914192130918
Incidence,Hiroshima,Female,Age-standardized,Schizophrenia,Rate,1996,15.962853098283926,18.70573948793149,13.38297385028917
Incidence,Hiroshima,Male,Age-standardized,Schizophrenia,Rate,1997,19.332695605283536,22.807460714536273,16.186586516700036
Incidence,Hiroshima,Female,Age-standardized,Schizophrenia,Rate,1997,15.950291673526417,18.680348085194776,13.376414079730608
Incidence,Hiroshima,Male,Age-standardized,Schizophrenia,Rate,1998,19.299568263382138,22.810109836196386,16.03935033301113
Incidence,Hiroshima,Female,Age-standardized,Schizophrenia,Rate,1998,15.939413204719378,18.76704660135385,13.36356061821236
Incidence,Hiroshima,Male,Age-standardized,Schizophrenia,Rate,1999,19.27163182526765,22.893972210596704,15.979596190303312
Incidence,Hiroshima,Female,Age-standardized,Schizophrenia,Rate,1999,15.93249812692289,18.820930150931694,13.340953167564997
Incidence,Hiroshima,Male,Age-standardized,Schizophrenia,Rate,2000,19.258817599604424,22.990996102179196,15.915312509024352
Incidence,Hiroshima,Female,Age-standardized,Schizophrenia,Rate,2000,15.931826875197064,18.931775043623453,13.271267869912435
Incidence,Hiroshima,Male,Age-standardized,Schizophrenia,Rate,2001,19.260355149206823,22.824471502018568,15.929708174363872
Incidence,Hiroshima,Female,Age-standardized,Schizophrenia,Rate,2001,15.94097188213737,18.881034160409104,13.322312005893789
Incidence,Hiroshima,Male,Age-standardized,Schizophrenia,Rate,2002,19.267519969621866,22.733182408869585,16.034667166521608
Incidence,Hiroshima,Female,Age-standardized,Schizophrenia,Rate,2002,15.96025036404391,18.856977778510142,13.353973086167512
Incidence,Hiroshima,Male,Age-standardized,Schizophrenia,Rate,2003,19.27831226861287,22.6961895942612,16.198436466323813
Incidence,Hiroshima,Female,Age-standardized,Schizophrenia,Rate,2003,15.987059931533667,18.945088552468142,13.409107555493033
Incidence,Hiroshima,Male,Age-standardized,Schizophrenia,Rate,2004,19.290732253943162,22.78385682559168,16.28313728053296
Incidence,Hiroshima,Female,Age-standardized,Schizophrenia,Rate,2004,16.018798195223646,19.003557072488285,13.38869276203505
Incidence,Hiroshima,Male,Age-standardized,Schizophrenia,Rate,2005,19.302780133376057,22.883963399431007,16.253145284480873
Incidence,Hiroshima,Female,Age-standardized,Schizophrenia,Rate,2005,16.052862765730847,19.018001337895566,13.363170162510816
Incidence,Hiroshima,Male,Age-standardized,Schizophrenia,Rate,2006,19.325003240262863,22.888421187364436,16.22061949431577
Incidence,Hiroshima,Female,Age-standardized,Schizophrenia,Rate,2006,16.107620445023,19.07389112217951,13.487827536912413
Incidence,Hiroshima,Male,Age-standardized,Schizophrenia,Rate,2007,19.36233214156012,22.93031470598517,16.228315818073824
Incidence,Hiroshima,Female,Age-standardized,Schizophrenia,Rate,2007,16.19170050267014,19.13407239681282,13.599536481843238
Incidence,Hiroshima,Male,Age-standardized,Schizophrenia,Rate,2008,19.40434189543901,23.00077080104304,16.207789592471705
Incidence,Hiroshima,Female,Age-standardized,Schizophrenia,Rate,2008,16.287894250692762,19.19267062934479,13.697338581942772
Incidence,Hiroshima,Male,Age-standardized,Schizophrenia,Rate,2009,19.440607560070738,23.12463998890718,16.186421337505923
Incidence,Hiroshima,Female,Age-standardized,Schizophrenia,Rate,2009,16.37899300111134,19.20458025714428,13.833103262022314
Incidence,Hiroshima,Male,Age-standardized,Schizophrenia,Rate,2010,19.460704193626487,23.200094553720042,16.095134437138785
Incidence,Hiroshima,Female,Age-standardized,Schizophrenia,Rate,2010,16.44778806594636,19.37429476711793,13.875812355347437
Incidence,Hiroshima,Male,Age-standardized,Schizophrenia,Rate,2011,19.465770099573785,23.12851744403304,16.173630453772425
Incidence,Hiroshima,Female,Age-standardized,Schizophrenia,Rate,2011,16.501572459404574,19.363975982735443,13.88715040288775
Incidence,Hiroshima,Male,Age-standardized,Schizophrenia,Rate,2012,19.461630670888326,23.050537287815303,16.254241899615888
Incidence,Hiroshima,Female,Age-standardized,Schizophrenia,Rate,2012,16.557666418834227,19.386058506190373,13.879388831815545
Incidence,Hiroshima,Male,Age-standardized,Schizophrenia,Rate,2013,19.444891600003558,23.025390837577707,16.381243954507745
Incidence,Hiroshima,Female,Age-standardized,Schizophrenia,Rate,2013,16.613902090968,19.44339826724927,13.979680998792825
Incidence,Hiroshima,Male,Age-standardized,Schizophrenia,Rate,2014,19.412158579352912,23.03173560002243,16.395052622935
Incidence,Hiroshima,Female,Age-standardized,Schizophrenia,Rate,2014,16.66811162253858,19.643119267341852,14.00998417835678
Incidence,Hiroshima,Male,Age-standardized,Schizophrenia,Rate,2015,19.360037301369832,22.921486172909546,16.334741077899853
Incidence,Hiroshima,Female,Age-standardized,Schizophrenia,Rate,2015,16.718127160278645,19.827247441666806,14.022678142163107
Incidence,Hiroshima,Male,Age-standardized,Schizophrenia,Rate,2016,19.057369338619193,22.459931193135773,15.996687501953998
Incidence,Hiroshima,Female,Age-standardized,Schizophrenia,Rate,2016,16.680270157448714,19.60980224267593,14.069974384091038
Incidence,Hiroshima,Male,Age-standardized,Schizophrenia,Rate,2017,18.79194932206507,22.378526497762323,15.680124280825366
Incidence,Hiroshima,Female,Age-standardized,Schizophrenia,Rate,2017,16.61186437517716,19.592578133055845,13.755854041852569
Incidence,Hiroshima,Male,Age-standardized,Schizophrenia,Rate,2018,18.87861268639981,22.366246477570183,15.767359677301219
Incidence,Hiroshima,Female,Age-standardized,Schizophrenia,Rate,2018,16.388213192361928,19.181804155288457,13.635493391772016
Incidence,Hiroshima,Male,Age-standardized,Schizophrenia,Rate,2019,19.1477871243059,22.759997231281364,16.009458161217633
Incidence,Hiroshima,Female,Age-standardized,Schizophrenia,Rate,2019,15.923892776163916,19.03702116957457,13.14572361226314
Incidence,Miyazaki,Male,Age-standardized,Schizophrenia,Rate,1990,19.371529026642087,23.220081533769513,16.143797132599516
Incidence,Miyazaki,Female,Age-standardized,Schizophrenia,Rate,1990,16.114515458629192,19.090938707620538,13.487554600587691
Incidence,Miyazaki,Male,Age-standardized,Schizophrenia,Rate,1991,19.359630690211567,23.189914207699218,16.15736382844866
Incidence,Miyazaki,Female,Age-standardized,Schizophrenia,Rate,1991,16.093775344530787,19.061539479814122,13.55262795631782
Incidence,Miyazaki,Male,Age-standardized,Schizophrenia,Rate,1992,19.34775279672218,23.141853958811343,16.187814970146647
Incidence,Miyazaki,Female,Age-standardized,Schizophrenia,Rate,1992,16.074380249973018,18.91949342918699,13.55455213712054
Incidence,Miyazaki,Male,Age-standardized,Schizophrenia,Rate,1993,19.3368823933433,23.073596472599654,16.234183450086498
Incidence,Miyazaki,Female,Age-standardized,Schizophrenia,Rate,1993,16.057527327793657,18.987570563569896,13.493620014217699
Incidence,Miyazaki,Male,Age-standardized,Schizophrenia,Rate,1994,19.32800652724431,23.05439137988736,16.253314933446884
Incidence,Miyazaki,Female,Age-standardized,Schizophrenia,Rate,1994,16.04441373083048,18.99027855625294,13.462814822209321
Incidence,Miyazaki,Male,Age-standardized,Schizophrenia,Rate,1995,19.322112245594585,23.104468199966767,16.16501391553131
Incidence,Miyazaki,Female,Age-standardized,Schizophrenia,Rate,1995,16.036236611921247,19.037378603926292,13.456046808244114
Incidence,Miyazaki,Male,Age-standardized,Schizophrenia,Rate,1996,19.31491894731311,22.9637769246201,16.243241260353876
Incidence,Miyazaki,Female,Age-standardized,Schizophrenia,Rate,1996,16.029741843043585,19.01426468156061,13.460105741725902
Incidence,Miyazaki,Male,Age-standardized,Schizophrenia,Rate,1997,19.303725526270597,22.87689464569003,16.194617860690133
Incidence,Miyazaki,Female,Age-standardized,Schizophrenia,Rate,1997,16.02196945692124,18.973524877648476,13.445681869089528
Incidence,Miyazaki,Male,Age-standardized,Schizophrenia,Rate,1998,19.29188827206402,22.809820275616694,16.235324448507964
Incidence,Miyazaki,Female,Age-standardized,Schizophrenia,Rate,1998,16.014557847511213,18.920222325893146,13.403272937562562
Incidence,Miyazaki,Male,Age-standardized,Schizophrenia,Rate,1999,19.282763474290366,22.73993035822249,16.18071587037766
Incidence,Miyazaki,Female,Age-standardized,Schizophrenia,Rate,1999,16.009145408770483,18.96351129412086,13.363862112550338
Incidence,Miyazaki,Male,Age-standardized,Schizophrenia,Rate,2000,19.27970742254661,22.824061379991715,16.183997525802315
Incidence,Miyazaki,Female,Age-standardized,Schizophrenia,Rate,2000,16.00737053465602,18.965738184356855,13.352326813057298
Incidence,Miyazaki,Male,Age-standardized,Schizophrenia,Rate,2001,19.287633800178668,22.792713655872138,16.18221905206769
Incidence,Miyazaki,Female,Age-standardized,Schizophrenia,Rate,2001,16.00998801796502,18.968873937179257,13.421919192251899
Incidence,Miyazaki,Male,Age-standardized,Schizophrenia,Rate,2002,19.30523542748641,22.82554794366833,16.176851020654563
Incidence,Miyazaki,Female,Age-standardized,Schizophrenia,Rate,2002,16.016284846032846,18.951467878023664,13.561948326926094
Incidence,Miyazaki,Male,Age-standardized,Schizophrenia,Rate,2003,19.32653729949776,22.91770788454558,16.194472846461753
Incidence,Miyazaki,Female,Age-standardized,Schizophrenia,Rate,2003,16.02569770462374,18.96546015003492,13.574065170786072
Incidence,Miyazaki,Male,Age-standardized,Schizophrenia,Rate,2004,19.34556441124063,23.03651591587759,16.190033120131023
Incidence,Miyazaki,Female,Age-standardized,Schizophrenia,Rate,2004,16.03766327950194,19.04334734653458,13.590150367647018
Incidence,Miyazaki,Male,Age-standardized,Schizophrenia,Rate,2005,19.356341757742925,23.045117486113842,16.156217139018484
Incidence,Miyazaki,Female,Age-standardized,Schizophrenia,Rate,2005,16.051618256431677,19.092674051309967,13.569225664571078
Incidence,Miyazaki,Male,Age-standardized,Schizophrenia,Rate,2006,19.361285758500795,23.08161762900973,16.17289816768876
Incidence,Miyazaki,Female,Age-standardized,Schizophrenia,Rate,2006,16.0920871764916,19.100613575214933,13.6424008952769
Incidence,Miyazaki,Male,Age-standardized,Schizophrenia,Rate,2007,19.36656496829971,23.1226721760634,16.189996353859776
Incidence,Miyazaki,Female,Age-standardized,Schizophrenia,Rate,2007,16.170211205951944,19.09151154124226,13.709595331989707
Incidence,Miyazaki,Male,Age-standardized,Schizophrenia,Rate,2008,19.37183258510162,23.097594343793958,16.22213410393486
Incidence,Miyazaki,Female,Age-standardized,Schizophrenia,Rate,2008,16.26535196836433,19.19109533290743,13.779493977006489
Incidence,Miyazaki,Male,Age-standardized,Schizophrenia,Rate,2009,19.376741806868463,23.106887204625092,16.165828758358415
Incidence,Miyazaki,Female,Age-standardized,Schizophrenia,Rate,2009,16.356871087280407,19.28877922720807,13.805235825678093
Incidence,Miyazaki,Male,Age-standardized,Schizophrenia,Rate,2010,19.38094583156219,23.181717303738626,16.16162804306384
Incidence,Miyazaki,Female,Age-standardized,Schizophrenia,Rate,2010,16.424130186251784,19.426698469770116,13.778259436176757
Incidence,Miyazaki,Male,Age-standardized,Schizophrenia,Rate,2011,19.38709296827583,23.140456966088664,16.262854227281448
Incidence,Miyazaki,Female,Age-standardized,Schizophrenia,Rate,2011,16.47358431150153,19.409113840606917,13.891019954843806
Incidence,Miyazaki,Male,Age-standardized,Schizophrenia,Rate,2012,19.39183347347403,23.13715937212202,16.25907817482911
Incidence,Miyazaki,Female,Age-standardized,Schizophrenia,Rate,2012,16.523517046239288,19.422776135554912,13.988728524723436
Incidence,Miyazaki,Male,Age-standardized,Schizophrenia,Rate,2013,19.385823466176134,23.126117339826816,16.244883959352002
Incidence,Miyazaki,Female,Age-standardized,Schizophrenia,Rate,2013,16.571032819496647,19.43001918709874,14.069665339400377
Incidence,Miyazaki,Male,Age-standardized,Schizophrenia,Rate,2014,19.35971906540148,23.09276523106569,16.17774113950643
Incidence,Miyazaki,Female,Age-standardized,Schizophrenia,Rate,2014,16.613236060305162,19.453683458880047,14.063236478194428
Incidence,Miyazaki,Male,Age-standardized,Schizophrenia,Rate,2015,19.30417639016942,23.01214211031502,16.100563454582538
Incidence,Miyazaki,Female,Age-standardized,Schizophrenia,Rate,2015,16.64723119769641,19.60337842620659,14.02906031624871
Incidence,Miyazaki,Male,Age-standardized,Schizophrenia,Rate,2016,19.013764418696205,22.4027785678111,15.953313381137853
Incidence,Miyazaki,Female,Age-standardized,Schizophrenia,Rate,2016,16.60439284227913,19.447686323227185,14.018678871138048
Incidence,Miyazaki,Male,Age-standardized,Schizophrenia,Rate,2017,18.76179491055464,22.187805106434343,15.717842477975495
Incidence,Miyazaki,Female,Age-standardized,Schizophrenia,Rate,2017,16.54429787726569,19.60474528040014,13.850323790094409
Incidence,Miyazaki,Male,Age-standardized,Schizophrenia,Rate,2018,18.843928534514674,22.33295197119009,15.81783463179512
Incidence,Miyazaki,Female,Age-standardized,Schizophrenia,Rate,2018,16.346954026042773,19.28790797488297,13.782534219951026
Incidence,Miyazaki,Male,Age-standardized,Schizophrenia,Rate,2019,19.11041831195756,22.94790356152726,15.916899029037374
Incidence,Miyazaki,Female,Age-standardized,Schizophrenia,Rate,2019,15.934372421583777,18.838512745710762,13.360781506520532
Incidence,Akita,Male,Age-standardized,Schizophrenia,Rate,1990,19.354497966724804,23.083613387669846,16.166169755951447
Incidence,Akita,Female,Age-standardized,Schizophrenia,Rate,1990,16.13373419276346,19.131079774110592,13.447787037868682
Incidence,Akita,Male,Age-standardized,Schizophrenia,Rate,1991,19.37928154084219,22.980301634182975,16.24567845868444
Incidence,Akita,Female,Age-standardized,Schizophrenia,Rate,1991,16.070560491313138,18.965621704082174,13.446350956944933
Incidence,Akita,Male,Age-standardized,Schizophrenia,Rate,1992,19.39700344888314,22.96305557076951,16.231644417529132
Incidence,Akita,Female,Age-standardized,Schizophrenia,Rate,1992,16.015729517198256,18.87016176448427,13.429480065223485
Incidence,Akita,Male,Age-standardized,Schizophrenia,Rate,1993,19.40778563031022,22.908356370217465,16.272542036247312
Incidence,Akita,Female,Age-standardized,Schizophrenia,Rate,1993,15.97205050944428,18.803529177327853,13.409832887196293
Incidence,Akita,Male,Age-standardized,Schizophrenia,Rate,1994,19.411750024585988,22.947163613306287,16.318920397719328
Incidence,Akita,Female,Age-standardized,Schizophrenia,Rate,1994,15.942332707076671,18.889738231226882,13.353513040641522
Incidence,Akita,Male,Age-standardized,Schizophrenia,Rate,1995,19.409018571173,22.979845839829007,16.236671294371522
Incidence,Akita,Female,Age-standardized,Schizophrenia,Rate,1995,15.929385349120894,18.964939568311202,13.281508178539575
Incidence,Akita,Male,Age-standardized,Schizophrenia,Rate,1996,19.3926814154118,22.90481091186453,16.2714437132957
Incidence,Akita,Female,Age-standardized,Schizophrenia,Rate,1996,15.932117083317465,18.837273496762144,13.344594639490854
Incidence,Akita,Male,Age-standardized,Schizophrenia,Rate,1997,19.362043880746114,22.91124621262377,16.258669886721833
Incidence,Akita,Female,Age-standardized,Schizophrenia,Rate,1997,15.94396325866008,18.72607651660131,13.37447781290677
Incidence,Akita,Male,Age-standardized,Schizophrenia,Rate,1998,19.326550673793314,23.008013523039565,16.237215831672952
Incidence,Akita,Female,Age-standardized,Schizophrenia,Rate,1998,15.959523166053957,18.712360505068133,13.429056191976592
Incidence,Akita,Male,Age-standardized,Schizophrenia,Rate,1999,19.295646501170758,23.002787728447085,16.171915111746934
Incidence,Akita,Female,Age-standardized,Schizophrenia,Rate,1999,15.973396096404308,18.724376703436654,13.40798376572373
Incidence,Akita,Male,Age-standardized,Schizophrenia,Rate,2000,19.27877606949582,23.07396699454846,16.083517677827444
Incidence,Akita,Female,Age-standardized,Schizophrenia,Rate,2000,15.980181340616344,18.89236557920735,13.306744623878497
Incidence,Akita,Male,Age-standardized,Schizophrenia,Rate,2001,19.274513716627844,22.94242225787261,16.177184432355425
Incidence,Akita,Female,Age-standardized,Schizophrenia,Rate,2001,15.976602737959817,18.802533910803646,13.375161466313243
Incidence,Akita,Male,Age-standardized,Schizophrenia,Rate,2002,19.274088119648855,22.787105062473014,16.215657478039404
Incidence,Akita,Female,Age-standardized,Schizophrenia,Rate,2002,15.966609302778956,18.809869484858208,13.341404544387833
Incidence,Akita,Male,Age-standardized,Schizophrenia,Rate,2003,19.2759254940102,22.750451743763005,16.20036815761232
Incidence,Akita,Female,Age-standardized,Schizophrenia,Rate,2003,15.955638088590709,18.85495808892712,13.346139599640953
Incidence,Akita,Male,Age-standardized,Schizophrenia,Rate,2004,19.27845205516322,22.671434330833748,16.170525786337294
Incidence,Akita,Female,Age-standardized,Schizophrenia,Rate,2004,15.949126148912029,18.93192321342359,13.413299084798918
Incidence,Akita,Male,Age-standardized,Schizophrenia,Rate,2005,19.280094018559275,22.6783379703547,16.152062201046267
Incidence,Akita,Female,Age-standardized,Schizophrenia,Rate,2005,15.95251053725986,19.023026280568278,13.377150435698402
Incidence,Akita,Male,Age-standardized,Schizophrenia,Rate,2006,19.28535756766575,22.601758668130977,16.16757255908962
Incidence,Akita,Female,Age-standardized,Schizophrenia,Rate,2006,16.00194305985003,19.02689134754971,13.39624778934434
Incidence,Akita,Male,Age-standardized,Schizophrenia,Rate,2007,19.29762515356807,22.725743688202012,16.17478971825222
Incidence,Akita,Female,Age-standardized,Schizophrenia,Rate,2007,16.10762049649567,19.05237142117913,13.475490007961824
Incidence,Akita,Male,Age-standardized,Schizophrenia,Rate,2008,19.313637393144624,22.661280546077663,16.23359485590063
Incidence,Akita,Female,Age-standardized,Schizophrenia,Rate,2008,16.236047361109666,19.28672270791318,13.638689373564919
Incidence,Akita,Male,Age-standardized,Schizophrenia,Rate,2009,19.330134903273812,22.73882015437169,16.270778999778248
Incidence,Akita,Female,Age-standardized,Schizophrenia,Rate,2009,16.35372816760492,19.31404435755476,13.741826965062007
Incidence,Akita,Male,Age-standardized,Schizophrenia,Rate,2010,19.343858300834015,22.87830982949521,16.29915638878384
Incidence,Akita,Female,Age-standardized,Schizophrenia,Rate,2010,16.427167429894332,19.461468626801178,13.779027750042532
Incidence,Akita,Male,Age-standardized,Schizophrenia,Rate,2011,19.36433637690597,22.83363209280036,16.28544083709216
Incidence,Akita,Female,Age-standardized,Schizophrenia,Rate,2011,16.467930854295396,19.380627942611373,13.868836335355944
Incidence,Akita,Male,Age-standardized,Schizophrenia,Rate,2012,19.39483773431066,22.884573479750074,16.271115723596708
Incidence,Akita,Female,Age-standardized,Schizophrenia,Rate,2012,16.508144289704486,19.456353207258072,13.90391801883141
Incidence,Akita,Male,Age-standardized,Schizophrenia,Rate,2013,19.422712707536856,23.019427480741225,16.287835687311397
Incidence,Akita,Female,Age-standardized,Schizophrenia,Rate,2013,16.545152463902753,19.522706491478075,13.888629405680382
Incidence,Akita,Male,Age-standardized,Schizophrenia,Rate,2014,19.435311631073343,23.190038972217614,16.247690411317002
Incidence,Akita,Female,Age-standardized,Schizophrenia,Rate,2014,16.57630010467139,19.59364524809014,13.909640140228387
Incidence,Akita,Male,Age-standardized,Schizophrenia,Rate,2015,19.419984839408894,23.19772652062911,16.150918161781686
Incidence,Akita,Female,Age-standardized,Schizophrenia,Rate,2015,16.59893193979155,19.72837097291579,13.92648768846969
Incidence,Akita,Male,Age-standardized,Schizophrenia,Rate,2016,19.059151893410004,22.508801996420313,15.905825727105055
Incidence,Akita,Female,Age-standardized,Schizophrenia,Rate,2016,16.581723661665322,19.51913241549766,14.063579033541057
Incidence,Akita,Male,Age-standardized,Schizophrenia,Rate,2017,18.7263969351712,21.957230405076025,15.697490689977462
Incidence,Akita,Female,Age-standardized,Schizophrenia,Rate,2017,16.55292631833046,19.50697965455859,13.889894994613682
Incidence,Akita,Male,Age-standardized,Schizophrenia,Rate,2018,18.833719480346982,21.91337687829761,15.882155826362434
Incidence,Akita,Female,Age-standardized,Schizophrenia,Rate,2018,16.352700919380393,19.190150249557096,13.852768124198711
Incidence,Akita,Male,Age-standardized,Schizophrenia,Rate,2019,19.17880460186258,22.808546970615094,16.082450647525032
Incidence,Akita,Female,Age-standardized,Schizophrenia,Rate,2019,15.921205209659998,18.83260781789112,13.334266993149555
Incidence,Shiga,Male,Age-standardized,Schizophrenia,Rate,1990,19.297255976110954,23.1683951647443,16.10585912883226
Incidence,Shiga,Female,Age-standardized,Schizophrenia,Rate,1990,16.074755518365762,19.139456089734935,13.563520042356027
Incidence,Shiga,Male,Age-standardized,Schizophrenia,Rate,1991,19.30065803467867,23.16876969491765,16.173011663857032
Incidence,Shiga,Female,Age-standardized,Schizophrenia,Rate,1991,16.049687572151072,19.095746305544022,13.546454513192618
Incidence,Shiga,Male,Age-standardized,Schizophrenia,Rate,1992,19.302532550774753,23.05771328172458,16.096245916795986
Incidence,Shiga,Female,Age-standardized,Schizophrenia,Rate,1992,16.026793182301784,18.978065673866674,13.520316439731678
Incidence,Shiga,Male,Age-standardized,Schizophrenia,Rate,1993,19.303244587820735,22.787775891827096,16.158764415701768
Incidence,Shiga,Female,Age-standardized,Schizophrenia,Rate,1993,16.007647951315224,18.863467128065114,13.409368408003074
Incidence,Shiga,Male,Age-standardized,Schizophrenia,Rate,1994,19.303159209238142,22.850230529770492,16.154212169112412
Incidence,Shiga,Female,Age-standardized,Schizophrenia,Rate,1994,15.993827481688701,18.847954593070355,13.391428525723557
Incidence,Shiga,Male,Age-standardized,Schizophrenia,Rate,1995,19.3026414784485,22.947595356921106,16.1671431126751
Incidence,Shiga,Female,Age-standardized,Schizophrenia,Rate,1995,15.986907375919527,18.845653204914132,13.312739550388368
Incidence,Shiga,Male,Age-standardized,Schizophrenia,Rate,1996,19.299747707299886,22.787033078084935,16.120865479065948
Incidence,Shiga,Female,Age-standardized,Schizophrenia,Rate,1996,15.982284242132378,18.894710926186498,13.450113154302548
Incidence,Shiga,Male,Age-standardized,Schizophrenia,Rate,1997,19.2936356277787,22.68916077584155,16.156481161839583
Incidence,Shiga,Female,Age-standardized,Schizophrenia,Rate,1997,15.975721011478766,18.939093365912612,13.400189214281356
Incidence,Shiga,Male,Age-standardized,Schizophrenia,Rate,1998,19.286322433513963,22.749512047845712,16.140111675517005
Incidence,Shiga,Female,Age-standardized,Schizophrenia,Rate,1998,15.969342770996263,18.949596668543165,13.405425594253359
Incidence,Shiga,Male,Age-standardized,Schizophrenia,Rate,1999,19.279825318134712,22.8490141859897,16.159906847413268
Incidence,Shiga,Female,Age-standardized,Schizophrenia,Rate,1999,15.965274607722442,18.936081807889465,13.412183345210536
Incidence,Shiga,Male,Age-standardized,Schizophrenia,Rate,2000,19.27616147526997,22.813072731964496,16.080243980727115
Incidence,Shiga,Female,Age-standardized,Schizophrenia,Rate,2000,15.96564160869488,18.951620972855288,13.320150277971058
Incidence,Shiga,Male,Age-standardized,Schizophrenia,Rate,2001,19.275729442357086,22.830683189586008,16.096699855227122
Incidence,Shiga,Female,Age-standardized,Schizophrenia,Rate,2001,15.972713316271175,18.98837445753814,13.467870887949895
Incidence,Shiga,Male,Age-standardized,Schizophrenia,Rate,2002,19.277138767126623,22.813569016678148,16.091527863846654
Incidence,Shiga,Female,Age-standardized,Schizophrenia,Rate,2002,15.985719977664298,18.936582434575747,13.505591617384331
Incidence,Shiga,Male,Age-standardized,Schizophrenia,Rate,2003,19.279723158647382,22.960219568709327,16.10009303835176
Incidence,Shiga,Female,Age-standardized,Schizophrenia,Rate,2003,16.00222773719486,18.93810152746848,13.489335988631327
Incidence,Shiga,Male,Age-standardized,Schizophrenia,Rate,2004,19.282816325988183,23.072647380968768,16.007178127295077
Incidence,Shiga,Female,Age-standardized,Schizophrenia,Rate,2004,16.019802739183476,18.946640372335306,13.496267185387532
Incidence,Shiga,Male,Age-standardized,Schizophrenia,Rate,2005,19.285751978217835,23.17664107382672,15.995777461167497
Incidence,Shiga,Female,Age-standardized,Schizophrenia,Rate,2005,16.03601112795076,18.96055642503142,13.487424959611129
Incidence,Shiga,Male,Age-standardized,Schizophrenia,Rate,2006,19.296072845601177,23.11707268868402,16.025723406076512
Incidence,Shiga,Female,Age-standardized,Schizophrenia,Rate,2006,16.087461713546553,19.011951257781813,13.516304180297091
Incidence,Shiga,Male,Age-standardized,Schizophrenia,Rate,2007,19.31730309212843,23.012746370725335,16.007534843610056
Incidence,Shiga,Female,Age-standardized,Schizophrenia,Rate,2007,16.191486925010185,19.097230079594514,13.601738253378153
Incidence,Shiga,Male,Age-standardized,Schizophrenia,Rate,2008,19.34274857745651,22.87716196442246,16.056966821120987
Incidence,Shiga,Female,Age-standardized,Schizophrenia,Rate,2008,16.316738335146514,19.25561843405202,13.732203119801722
Incidence,Shiga,Male,Age-standardized,Schizophrenia,Rate,2009,19.365715161242345,22.877743930331462,16.053369499629905
Incidence,Shiga,Female,Age-standardized,Schizophrenia,Rate,2009,16.4318675167604,19.340453877435174,13.704686033196817
Incidence,Shiga,Male,Age-standardized,Schizophrenia,Rate,2010,19.37950870314283,22.85122844389667,16.0905751466949
Incidence,Shiga,Female,Age-standardized,Schizophrenia,Rate,2010,16.505526042656687,19.501144031768543,13.720457466716752
Incidence,Shiga,Male,Age-standardized,Schizophrenia,Rate,2011,19.39316289713668,22.8749818291787,16.18928878755425
Incidence,Shiga,Female,Age-standardized,Schizophrenia,Rate,2011,16.53889618754771,19.432145448127333,13.77447116059423
Incidence,Shiga,Male,Age-standardized,Schizophrenia,Rate,2012,19.41257871286245,22.933267313337037,16.20494258730649
Incidence,Shiga,Female,Age-standardized,Schizophrenia,Rate,2012,16.558488158582453,19.444011819276813,13.7650954241839
Incidence,Shiga,Male,Age-standardized,Schizophrenia,Rate,2013,19.426362923466836,23.001738404493164,16.226353649534957
Incidence,Shiga,Female,Age-standardized,Schizophrenia,Rate,2013,16.570945427220767,19.46625788662634,13.790117596348326
Incidence,Shiga,Male,Age-standardized,Schizophrenia,Rate,2014,19.423122302096537,23.011560092693568,16.24485665116427
Incidence,Shiga,Female,Age-standardized,Schizophrenia,Rate,2014,16.582911464922528,19.628491652303637,13.763364550884539
Incidence,Shiga,Male,Age-standardized,Schizophrenia,Rate,2015,19.391463621898236,23.055330552639102,16.127960721450442
Incidence,Shiga,Female,Age-standardized,Schizophrenia,Rate,2015,16.601029743147585,19.655512653098167,13.705666801994967
Incidence,Shiga,Male,Age-standardized,Schizophrenia,Rate,2016,19.07398749143102,22.589353914895426,15.998432165086207
Incidence,Shiga,Female,Age-standardized,Schizophrenia,Rate,2016,16.59101782304471,19.55028633313024,13.882304048293614
Incidence,Shiga,Male,Age-standardized,Schizophrenia,Rate,2017,18.789501048195767,22.383260473734147,15.730074742831892
Incidence,Shiga,Female,Age-standardized,Schizophrenia,Rate,2017,16.560011237344003,19.580462087952025,13.827872722756384
Incidence,Shiga,Male,Age-standardized,Schizophrenia,Rate,2018,18.88882796304851,22.37825950888596,15.89706785195974
Incidence,Shiga,Female,Age-standardized,Schizophrenia,Rate,2018,16.359568825532953,19.127867727935893,13.650610593710566
Incidence,Shiga,Male,Age-standardized,Schizophrenia,Rate,2019,19.20121079415376,22.733819890566675,15.948885190823555
Incidence,Shiga,Female,Age-standardized,Schizophrenia,Rate,2019,15.939820760499924,18.88842233489317,13.20279746109712
Incidence,Hyōgo,Male,Age-standardized,Schizophrenia,Rate,1990,19.276763096784705,23.06640396443639,16.281375579845882
Incidence,Hyōgo,Female,Age-standardized,Schizophrenia,Rate,1990,16.076633435248528,19.153067298150283,13.427285953827473
Incidence,Hyōgo,Male,Age-standardized,Schizophrenia,Rate,1991,19.276786051671856,22.854147114241556,16.33267754936079
Incidence,Hyōgo,Female,Age-standardized,Schizophrenia,Rate,1991,16.03783135715009,19.02213493195941,13.392673015966084
Incidence,Hyōgo,Male,Age-standardized,Schizophrenia,Rate,1992,19.277605102915373,22.735599855192238,16.34203497975805
Incidence,Hyōgo,Female,Age-standardized,Schizophrenia,Rate,1992,16.004297986470135,19.004508708771294,13.373614753308344
Incidence,Hyōgo,Male,Age-standardized,Schizophrenia,Rate,1993,19.27917842165032,22.67811970267081,16.271381463688066
Incidence,Hyōgo,Female,Age-standardized,Schizophrenia,Rate,1993,15.97751372819481,19.061607497704717,13.392401090554518
Incidence,Hyōgo,Male,Age-standardized,Schizophrenia,Rate,1994,19.281464179011788,22.745603622988018,16.20880116788276
Incidence,Hyōgo,Female,Age-standardized,Schizophrenia,Rate,1994,15.958958987310293,18.974475325160952,13.413978447941792
Incidence,Hyōgo,Male,Age-standardized,Schizophrenia,Rate,1995,19.28442054613484,22.795921501767882,16.114565041161267
Incidence,Hyōgo,Female,Age-standardized,Schizophrenia,Rate,1995,15.950114168802733,19.143627519891965,13.33933733030781
Incidence,Hyōgo,Male,Age-standardized,Schizophrenia,Rate,1996,19.289190796475037,22.716093097974397,16.08490086703045
Incidence,Hyōgo,Female,Age-standardized,Schizophrenia,Rate,1996,15.95002940220745,19.13683131138799,13.408925899415573
Incidence,Hyōgo,Male,Age-standardized,Schizophrenia,Rate,1997,19.29589742207327,22.718730839645808,16.174029241830375
Incidence,Hyōgo,Female,Age-standardized,Schizophrenia,Rate,1997,15.95522736282507,19.18959464368375,13.412777384371331
Incidence,Hyōgo,Male,Age-standardized,Schizophrenia,Rate,1998,19.30296742194265,22.73997835022727,16.141213448871742
Incidence,Hyōgo,Female,Age-standardized,Schizophrenia,Rate,1998,15.963397274289692,19.182169918017898,13.406815715005392
Incidence,Hyōgo,Male,Age-standardized,Schizophrenia,Rate,1999,19.30882779509629,22.845143743933466,16.125667299628233
Incidence,Hyōgo,Female,Age-standardized,Schizophrenia,Rate,1999,15.97222836023542,19.026182301686177,13.4219446647946
Incidence,Hyōgo,Male,Age-standardized,Schizophrenia,Rate,2000,19.31190554054728,22.9270243251678,16.14022145498933
Incidence,Hyōgo,Female,Age-standardized,Schizophrenia,Rate,2000,15.979409844296365,19.050384353660643,13.347727292701867
Incidence,Hyōgo,Male,Age-standardized,Schizophrenia,Rate,2001,19.308104484946767,22.87589358338053,16.129070885946522
Incidence,Hyōgo,Female,Age-standardized,Schizophrenia,Rate,2001,15.986997705454506,19.002639588094375,13.416693856737393
Incidence,Hyōgo,Male,Age-standardized,Schizophrenia,Rate,2002,19.297560167888882,22.81040874426216,16.108559078890536
Incidence,Hyōgo,Female,Age-standardized,Schizophrenia,Rate,2002,15.997920855630367,19.129597089967994,13.456775091091135
Incidence,Hyōgo,Male,Age-standardized,Schizophrenia,Rate,2003,19.285047157801216,22.750062094890176,16.140902320029983
Incidence,Hyōgo,Female,Age-standardized,Schizophrenia,Rate,2003,16.01117791786584,19.21871984765388,13.471691166251361
Incidence,Hyōgo,Male,Age-standardized,Schizophrenia,Rate,2004,19.275340023111358,22.68145716182978,16.166639372104044
Incidence,Hyōgo,Female,Age-standardized,Schizophrenia,Rate,2004,16.02576751520283,19.24192453390802,13.414282006009437
Incidence,Hyōgo,Male,Age-standardized,Schizophrenia,Rate,2005,19.273213332246886,22.690344326829376,16.158305380832868
Incidence,Hyōgo,Female,Age-standardized,Schizophrenia,Rate,2005,16.040688270683233,19.267774247106715,13.317245565343724
Incidence,Hyōgo,Male,Age-standardized,Schizophrenia,Rate,2006,19.288533285789153,22.74444973678666,16.20240779418426
Incidence,Hyōgo,Female,Age-standardized,Schizophrenia,Rate,2006,16.08917998691881,19.2751545083291,13.433910634919787
Incidence,Hyōgo,Male,Age-standardized,Schizophrenia,Rate,2007,19.32097360552948,22.90191766937703,16.233426857294404
Incidence,Hyōgo,Female,Age-standardized,Schizophrenia,Rate,2007,16.186695636695593,19.322509499614803,13.57413220816293
Incidence,Hyōgo,Male,Age-standardized,Schizophrenia,Rate,2008,19.360020141710446,22.94967987988776,16.233535541532657
Incidence,Hyōgo,Female,Age-standardized,Schizophrenia,Rate,2008,16.305553598316898,19.462277695317933,13.742503347553809
Incidence,Hyōgo,Male,Age-standardized,Schizophrenia,Rate,2009,19.395158744574623,23.084051884540592,16.189540719673737
Incidence,Hyōgo,Female,Age-standardized,Schizophrenia,Rate,2009,16.41807225008607,19.492620428086596,13.774450494125139
Incidence,Hyōgo,Male,Age-standardized,Schizophrenia,Rate,2010,19.415875264364583,23.191377327870097,16.102716530279817
Incidence,Hyōgo,Female,Age-standardized,Schizophrenia,Rate,2010,16.496569970306425,19.51545309335835,13.88405276773707
Incidence,Hyōgo,Male,Age-standardized,Schizophrenia,Rate,2011,19.42321103066936,23.19811816473911,16.20227384765903
Incidence,Hyōgo,Female,Age-standardized,Schizophrenia,Rate,2011,16.54366619948238,19.507689777160643,13.951201458567486
Incidence,Hyōgo,Male,Age-standardized,Schizophrenia,Rate,2012,19.42243548911277,23.245328467285933,16.099655599622707
Incidence,Hyōgo,Female,Age-standardized,Schizophrenia,Rate,2012,16.581395988439397,19.548000319881652,14.006339557730143
Incidence,Hyōgo,Male,Age-standardized,Schizophrenia,Rate,2013,19.40937666398955,23.253503643768404,16.16740141286412
Incidence,Hyōgo,Female,Age-standardized,Schizophrenia,Rate,2013,16.61120113096235,19.570894562778538,13.937972406883619
Incidence,Hyōgo,Male,Age-standardized,Schizophrenia,Rate,2014,19.379862579594445,23.104027161683305,16.114174550314324
Incidence,Hyōgo,Female,Age-standardized,Schizophrenia,Rate,2014,16.634523420836132,19.5329411647896,13.868784260037204
Incidence,Hyōgo,Male,Age-standardized,Schizophrenia,Rate,2015,19.329721260222193,23.137605843024332,16.035019052503767
Incidence,Hyōgo,Female,Age-standardized,Schizophrenia,Rate,2015,16.652804651845617,19.6354067670785,13.811662120722724
Incidence,Hyōgo,Male,Age-standardized,Schizophrenia,Rate,2016,19.039760630234582,22.493662104292792,15.901591245293023
Incidence,Hyōgo,Female,Age-standardized,Schizophrenia,Rate,2016,16.608515305598807,19.423651866691404,13.826632311351748
Incidence,Hyōgo,Male,Age-standardized,Schizophrenia,Rate,2017,18.78939411678808,22.407742961520654,15.661336827568304
Incidence,Hyōgo,Female,Age-standardized,Schizophrenia,Rate,2017,16.55493462558207,19.67874670719109,13.785189660531252
Incidence,Hyōgo,Male,Age-standardized,Schizophrenia,Rate,2018,18.894365337349086,22.375233262372355,15.804742995966269
Incidence,Hyōgo,Female,Age-standardized,Schizophrenia,Rate,2018,16.34813564452074,19.25390864106265,13.640718505428646
Incidence,Hyōgo,Male,Age-standardized,Schizophrenia,Rate,2019,19.200389750525975,22.8693415562013,16.11479238037563
Incidence,Hyōgo,Female,Age-standardized,Schizophrenia,Rate,2019,15.909106370083201,18.90632550977746,13.268361923366912
Incidence,Shimane,Male,Age-standardized,Schizophrenia,Rate,1990,19.340650161232713,22.728449746107053,16.252014031806088
Incidence,Shimane,Female,Age-standardized,Schizophrenia,Rate,1990,16.058549927036747,19.104899367917287,13.429085054967043
Incidence,Shimane,Male,Age-standardized,Schizophrenia,Rate,1991,19.347646671325005,22.779621298006184,16.29471223470995
Incidence,Shimane,Female,Age-standardized,Schizophrenia,Rate,1991,16.039426022861342,19.081628311211215,13.389433507899414
Incidence,Shimane,Male,Age-standardized,Schizophrenia,Rate,1992,19.35113236744211,22.750507065398008,16.36776938161055
Incidence,Shimane,Female,Age-standardized,Schizophrenia,Rate,1992,16.022471840104437,19.062811894012146,13.385482977870428
Incidence,Shimane,Male,Age-standardized,Schizophrenia,Rate,1993,19.351917355565355,22.834087762206618,16.39534260868346
Incidence,Shimane,Female,Age-standardized,Schizophrenia,Rate,1993,16.008380375620092,19.181830267427628,13.39189941280156
Incidence,Shimane,Male,Age-standardized,Schizophrenia,Rate,1994,19.350811741676072,22.974324258551782,16.336170504384974
Incidence,Shimane,Female,Age-standardized,Schizophrenia,Rate,1994,15.997844626262369,19.246134532312137,13.370443579329823
Incidence,Shimane,Male,Age-standardized,Schizophrenia,Rate,1995,19.34862563175558,23.08626470531092,16.233446787796822
Incidence,Shimane,Female,Age-standardized,Schizophrenia,Rate,1995,15.991557588885332,19.337912731795356,13.326303202478037
Incidence,Shimane,Male,Age-standardized,Schizophrenia,Rate,1996,19.340004176811114,22.922801826409565,16.220094084396017
Incidence,Shimane,Female,Age-standardized,Schizophrenia,Rate,1996,15.98770261671616,19.207808074226964,13.331314690237631
Incidence,Shimane,Male,Age-standardized,Schizophrenia,Rate,1997,19.322823154504526,22.749971276106983,16.243599019430118
Incidence,Shimane,Female,Age-standardized,Schizophrenia,Rate,1997,15.984210924217535,19.1254992881488,13.40092137419998
Incidence,Shimane,Male,Age-standardized,Schizophrenia,Rate,1998,19.302738610799107,22.777169193004088,16.13675705182242
Incidence,Shimane,Female,Age-standardized,Schizophrenia,Rate,1998,15.981397300096802,19.055269385414054,13.41961362958418
Incidence,Shimane,Male,Age-standardized,Schizophrenia,Rate,1999,19.285406591658138,22.801749956730877,16.06358259739188
Incidence,Shimane,Female,Age-standardized,Schizophrenia,Rate,1999,15.979576533061291,19.080353863059248,13.357836726714538
Incidence,Shimane,Male,Age-standardized,Schizophrenia,Rate,2000,19.276483143044903,22.903278378357044,16.019423752378657
Incidence,Shimane,Female,Age-standardized,Schizophrenia,Rate,2000,15.979063411818354,19.096245869144575,13.325618230822581
Incidence,Shimane,Male,Age-standardized,Schizophrenia,Rate,2001,19.275626076697957,22.82117351301317,16.053787849649268
Incidence,Shimane,Female,Age-standardized,Schizophrenia,Rate,2001,15.98058448093893,19.020424603352257,13.39137786672507
Incidence,Shimane,Male,Age-standardized,Schizophrenia,Rate,2002,19.277709175026356,22.928813462185268,16.072899689714518
Incidence,Shimane,Female,Age-standardized,Schizophrenia,Rate,2002,15.984698997795688,18.897675041831036,13.472428207717233
Incidence,Shimane,Male,Age-standardized,Schizophrenia,Rate,2003,19.281212439999127,22.961870879688792,16.11570278831452
Incidence,Shimane,Female,Age-standardized,Schizophrenia,Rate,2003,15.99147082029854,18.986700498775868,13.414054436642365
Incidence,Shimane,Male,Age-standardized,Schizophrenia,Rate,2004,19.28461587358532,23.124663513781424,16.198721184164807
Incidence,Shimane,Female,Age-standardized,Schizophrenia,Rate,2004,16.00096380635741,18.972034250402555,13.359245658455926
Incidence,Shimane,Male,Age-standardized,Schizophrenia,Rate,2005,19.286399477753974,23.248993589234672,16.08624301772248
Incidence,Shimane,Female,Age-standardized,Schizophrenia,Rate,2005,16.013241813882214,18.996823165216973,13.284507252575938
Incidence,Shimane,Male,Age-standardized,Schizophrenia,Rate,2006,19.29234205668554,23.071899413071574,16.22892793707723
Incidence,Shimane,Female,Age-standardized,Schizophrenia,Rate,2006,16.062272979779678,18.999091074138644,13.452958924500125
Incidence,Shimane,Male,Age-standardized,Schizophrenia,Rate,2007,19.306081684954815,23.026522014988483,16.260120665965427
Incidence,Shimane,Female,Age-standardized,Schizophrenia,Rate,2007,16.16211733497403,19.129273400616484,13.633169962131342
Incidence,Shimane,Male,Age-standardized,Schizophrenia,Rate,2008,19.322887270122322,22.97409932330719,16.206985952331213
Incidence,Shimane,Female,Age-standardized,Schizophrenia,Rate,2008,16.282976578401428,19.21451821540586,13.726845408639678
Incidence,Shimane,Male,Age-standardized,Schizophrenia,Rate,2009,19.338027719748602,23.019313927745397,16.13314475710973
Incidence,Shimane,Female,Age-standardized,Schizophrenia,Rate,2009,16.395052408998044,19.40044326864007,13.805639903959188
Incidence,Shimane,Male,Age-standardized,Schizophrenia,Rate,2010,19.34677194139418,23.03708655871411,16.05450016073517
Incidence,Shimane,Female,Age-standardized,Schizophrenia,Rate,2010,16.46854652570004,19.56426604385284,13.860092544374348
Incidence,Shimane,Male,Age-standardized,Schizophrenia,Rate,2011,19.357300141297166,23.013432018137042,16.068725324953274
Incidence,Shimane,Female,Age-standardized,Schizophrenia,Rate,2011,16.503252903437193,19.53123991313172,13.939845354035215
Incidence,Shimane,Male,Age-standardized,Schizophrenia,Rate,2012,19.373934541054798,23.029258937800154,16.112598642957842
Incidence,Shimane,Female,Age-standardized,Schizophrenia,Rate,2012,16.524772982446045,19.59182756052596,13.965643224191911
Incidence,Shimane,Male,Age-standardized,Schizophrenia,Rate,2013,19.386157071266304,23.144510370043804,16.102173450173726
Incidence,Shimane,Female,Age-standardized,Schizophrenia,Rate,2013,16.542019659622927,19.642167554499203,13.91818556658629
Incidence,Shimane,Male,Age-standardized,Schizophrenia,Rate,2014,19.383449662530893,23.02965415700735,16.136146416903095
Incidence,Shimane,Female,Age-standardized,Schizophrenia,Rate,2014,16.563905831864165,19.690631884293015,13.919297855219105
Incidence,Shimane,Male,Age-standardized,Schizophrenia,Rate,2015,19.35529424544779,23.07008116821669,16.10486242055912
Incidence,Shimane,Female,Age-standardized,Schizophrenia,Rate,2015,16.599344396066083,19.874605013703082,13.950404092886995
Incidence,Shimane,Male,Age-standardized,Schizophrenia,Rate,2016,19.062291075761213,22.51126206862465,15.88506176901077
Incidence,Shimane,Female,Age-standardized,Schizophrenia,Rate,2016,16.64026013636227,19.518350697557683,14.066426598586585
Incidence,Shimane,Male,Age-standardized,Schizophrenia,Rate,2017,18.797225873464267,22.340432563385292,15.659558457085934
Incidence,Shimane,Female,Age-standardized,Schizophrenia,Rate,2017,16.661665344575294,19.685320648352935,13.931993263488122
Incidence,Shimane,Male,Age-standardized,Schizophrenia,Rate,2018,18.881280771566605,22.1970408651629,15.687396732618316
Incidence,Shimane,Female,Age-standardized,Schizophrenia,Rate,2018,16.415716683121694,19.251296721283897,13.842339396559863
Incidence,Shimane,Male,Age-standardized,Schizophrenia,Rate,2019,19.158844215086123,22.664389080103383,15.93692034142838
Incidence,Shimane,Female,Age-standardized,Schizophrenia,Rate,2019,15.857582031637655,18.620303358181708,13.189520173579112
Incidence,Saitama,Male,Age-standardized,Schizophrenia,Rate,1990,19.325275714190393,22.968290945542815,16.00446390247316
Incidence,Saitama,Female,Age-standardized,Schizophrenia,Rate,1990,16.125197055815033,19.118484197067374,13.460898847651698
Incidence,Saitama,Male,Age-standardized,Schizophrenia,Rate,1991,19.36960783002801,23.006165919208595,16.073119467910104
Incidence,Saitama,Female,Age-standardized,Schizophrenia,Rate,1991,16.092286336240853,19.0708698707069,13.418856382433576
Incidence,Saitama,Male,Age-standardized,Schizophrenia,Rate,1992,19.403644213276483,23.117329923450626,16.193479241910424
Incidence,Saitama,Female,Age-standardized,Schizophrenia,Rate,1992,16.06439561090699,19.039626001889648,13.468438541914843
Incidence,Saitama,Male,Age-standardized,Schizophrenia,Rate,1993,19.426963367918006,23.167329794883614,16.30524640289501
Incidence,Saitama,Female,Age-standardized,Schizophrenia,Rate,1993,16.04254386626704,19.06721671834997,13.460694199898414
Incidence,Saitama,Male,Age-standardized,Schizophrenia,Rate,1994,19.43914379793476,23.098960321348134,16.33203932016095
Incidence,Saitama,Female,Age-standardized,Schizophrenia,Rate,1994,16.027750088774585,19.110966388025204,13.379628115027097
Incidence,Saitama,Male,Age-standardized,Schizophrenia,Rate,1995,19.43976400730894,23.10474871184595,16.239548254188033
Incidence,Saitama,Female,Age-standardized,Schizophrenia,Rate,1995,16.021033264883226,19.19693606081972,13.240784799366596
Incidence,Saitama,Male,Age-standardized,Schizophrenia,Rate,1996,19.420017562869713,23.022612264892164,16.230990288695605
Incidence,Saitama,Female,Age-standardized,Schizophrenia,Rate,1996,16.022523360269652,19.040692652416926,13.330530402465206
Incidence,Saitama,Male,Age-standardized,Schizophrenia,Rate,1997,19.38050545564937,23.02875558878913,16.210620389953732
Incidence,Saitama,Female,Age-standardized,Schizophrenia,Rate,1997,16.02949419997806,18.97253481713668,13.43410099027437
Incidence,Saitama,Male,Age-standardized,Schizophrenia,Rate,1998,19.334917325934796,23.013530549280528,16.22120893235808
Incidence,Saitama,Female,Age-standardized,Schizophrenia,Rate,1998,16.03868055951327,18.943138516762126,13.456141507490186
Incidence,Saitama,Male,Age-standardized,Schizophrenia,Rate,1999,19.296942814012883,22.882651632945766,16.04072314414392
Incidence,Saitama,Female,Age-standardized,Schizophrenia,Rate,1999,16.04681721438011,18.888281606685798,13.423583488954618
Incidence,Saitama,Male,Age-standardized,Schizophrenia,Rate,2000,19.28027156017052,22.838249402174416,16.072399693916385
Incidence,Saitama,Female,Age-standardized,Schizophrenia,Rate,2000,16.050638940083402,18.83768734577387,13.41633217747292
Incidence,Saitama,Male,Age-standardized,Schizophrenia,Rate,2001,19.292648712517618,22.890461379266284,16.077287146919225
Incidence,Saitama,Female,Age-standardized,Schizophrenia,Rate,2001,16.05144201420752,18.764167233753174,13.41614038262753
Incidence,Saitama,Male,Age-standardized,Schizophrenia,Rate,2002,19.325130585840256,22.972304257141438,16.128593752181725
Incidence,Saitama,Female,Age-standardized,Schizophrenia,Rate,2002,16.053103065394822,18.7438601379753,13.55236702219209
Incidence,Saitama,Male,Age-standardized,Schizophrenia,Rate,2003,19.366373570439535,23.064366613998647,16.169711687790542
Incidence,Saitama,Female,Age-standardized,Schizophrenia,Rate,2003,16.056227395737146,18.77071766081956,13.44834770138492
Incidence,Saitama,Male,Age-standardized,Schizophrenia,Rate,2004,19.40503405661657,23.177115340274867,16.251562953740287
Incidence,Saitama,Female,Age-standardized,Schizophrenia,Rate,2004,16.061420307326305,18.901490892817947,13.532700375634725
Incidence,Saitama,Male,Age-standardized,Schizophrenia,Rate,2005,19.429768434672468,23.22660684251276,16.246336275037777
Incidence,Saitama,Female,Age-standardized,Schizophrenia,Rate,2005,16.069287102254115,18.93296864936089,13.523893197565169
Incidence,Saitama,Male,Age-standardized,Schizophrenia,Rate,2006,19.44706338709733,23.14202187943317,16.281524827726656
Incidence,Saitama,Female,Age-standardized,Schizophrenia,Rate,2006,16.113124054938577,18.91463621329365,13.600724362887231
Incidence,Saitama,Male,Age-standardized,Schizophrenia,Rate,2007,19.468528404704298,23.236079828290887,16.324766115866986
Incidence,Saitama,Female,Age-standardized,Schizophrenia,Rate,2007,16.20624849180958,19.002500865398964,13.706753891671097
Incidence,Saitama,Male,Age-standardized,Schizophrenia,Rate,2008,19.490504090279032,23.282079843824892,16.308339334509334
Incidence,Saitama,Female,Age-standardized,Schizophrenia,Rate,2008,16.319297292976742,19.203267777510348,13.798831537890866
Incidence,Saitama,Male,Age-standardized,Schizophrenia,Rate,2009,19.509331046607187,23.305462921764907,16.262024719639815
Incidence,Saitama,Female,Age-standardized,Schizophrenia,Rate,2009,16.422907338549713,19.27899643455604,13.887946964680205
Incidence,Saitama,Male,Age-standardized,Schizophrenia,Rate,2010,19.52134987647442,23.286649604031727,16.196631129980712
Incidence,Saitama,Female,Age-standardized,Schizophrenia,Rate,2010,16.487715508638118,19.352657257863534,13.973423613401252
Incidence,Saitama,Male,Age-standardized,Schizophrenia,Rate,2011,19.528652618205687,23.24115984620054,16.28988817737134
Incidence,Saitama,Female,Age-standardized,Schizophrenia,Rate,2011,16.519725979476398,19.351091496860263,13.974609325210361
Incidence,Saitama,Male,Age-standardized,Schizophrenia,Rate,2012,19.53204229914271,23.297841472029255,16.344664120281333
Incidence,Saitama,Female,Age-standardized,Schizophrenia,Rate,2012,16.545674169497516,19.404151268089667,13.996159484733255
Incidence,Saitama,Male,Age-standardized,Schizophrenia,Rate,2013,19.525926005596347,23.412511107919624,16.417884051968066
Incidence,Saitama,Female,Age-standardized,Schizophrenia,Rate,2013,16.567293822108894,19.44038091411828,13.986048337787878
Incidence,Saitama,Male,Age-standardized,Schizophrenia,Rate,2014,19.504710823877428,23.362458823903786,16.48209983560406
Incidence,Saitama,Female,Age-standardized,Schizophrenia,Rate,2014,16.58631868071796,19.443886444504592,13.982030567012552
Incidence,Saitama,Male,Age-standardized,Schizophrenia,Rate,2015,19.462803840296804,23.354352959549004,16.38170823849989
Incidence,Saitama,Female,Age-standardized,Schizophrenia,Rate,2015,16.604482488732142,19.556975540215106,13.964097106063708
Incidence,Saitama,Male,Age-standardized,Schizophrenia,Rate,2016,19.176439998071885,22.83096547058785,16.066210729141424
Incidence,Saitama,Female,Age-standardized,Schizophrenia,Rate,2016,16.59352067838695,19.549016744123442,13.982897471471944
Incidence,Saitama,Male,Age-standardized,Schizophrenia,Rate,2017,18.918960488627317,22.62751653481178,15.715760601834717
Incidence,Saitama,Female,Age-standardized,Schizophrenia,Rate,2017,16.56744171366541,19.822451644766463,13.853550744247146
Incidence,Saitama,Male,Age-standardized,Schizophrenia,Rate,2018,18.98864331590929,22.471899054404293,15.884588324597178
Incidence,Saitama,Female,Age-standardized,Schizophrenia,Rate,2018,16.37062283367935,19.445521355335526,13.780815371226764
Incidence,Saitama,Male,Age-standardized,Schizophrenia,Rate,2019,19.229541651129583,22.90868790337036,16.148240596260546
Incidence,Saitama,Female,Age-standardized,Schizophrenia,Rate,2019,15.947901507720307,18.96160899043414,13.269814772818593
Incidence,Fukui,Male,Age-standardized,Schizophrenia,Rate,1990,19.299997450824023,23.127954219731745,16.22464664198059
Incidence,Fukui,Female,Age-standardized,Schizophrenia,Rate,1990,16.047639246131034,18.78999842324146,13.420735272483219
Incidence,Fukui,Male,Age-standardized,Schizophrenia,Rate,1991,19.323495511100703,23.057825235176562,16.248521597230358
Incidence,Fukui,Female,Age-standardized,Schizophrenia,Rate,1991,16.03426040451287,18.773431094626577,13.43814848943178
Incidence,Fukui,Male,Age-standardized,Schizophrenia,Rate,1992,19.342379198435655,23.0107064760436,16.250750608453394
Incidence,Fukui,Female,Age-standardized,Schizophrenia,Rate,1992,16.022056419776675,18.77364890368182,13.514952807544383
Incidence,Fukui,Male,Age-standardized,Schizophrenia,Rate,1993,19.356381274185463,22.999026553983665,16.30288735060038
Incidence,Fukui,Female,Age-standardized,Schizophrenia,Rate,1993,16.011569978136368,18.83319629060386,13.499869860238672
Incidence,Fukui,Male,Age-standardized,Schizophrenia,Rate,1994,19.365234499706684,22.90017866112773,16.328802773420783
Incidence,Fukui,Female,Age-standardized,Schizophrenia,Rate,1994,16.003343765805877,18.863155410119404,13.389213353787033
Incidence,Fukui,Male,Age-standardized,Schizophrenia,Rate,1995,19.368671636355906,22.960809712676042,16.247780173231693
Incidence,Fukui,Female,Age-standardized,Schizophrenia,Rate,1995,15.997920468999133,18.951657164125916,13.284179772342114
Incidence,Fukui,Male,Age-standardized,Schizophrenia,Rate,1996,19.364076783085615,22.805617737344164,16.247367794858
Incidence,Fukui,Female,Age-standardized,Schizophrenia,Rate,1996,15.993560142797152,18.928001441435306,13.395721304044288
Incidence,Fukui,Male,Age-standardized,Schizophrenia,Rate,1997,19.352037410609075,22.76762153141238,16.268329815947244
Incidence,Fukui,Female,Age-standardized,Schizophrenia,Rate,1997,15.988729170912466,19.004167751407874,13.478499171762454
Incidence,Fukui,Male,Age-standardized,Schizophrenia,Rate,1998,19.337091337924033,22.70703263652608,16.163690028936806
Incidence,Fukui,Female,Age-standardized,Schizophrenia,Rate,1998,15.984279732506241,19.069219875577815,13.400180298375751
Incidence,Fukui,Male,Age-standardized,Schizophrenia,Rate,1999,19.323776384028232,22.769361559376033,16.193982691598844
Incidence,Fukui,Female,Age-standardized,Schizophrenia,Rate,1999,15.981064006739642,19.10516333768372,13.423489503154746
Incidence,Fukui,Male,Age-standardized,Schizophrenia,Rate,2000,19.31663036791942,22.834074715780876,16.20544424902387
Incidence,Fukui,Female,Age-standardized,Schizophrenia,Rate,2000,15.979934172773847,19.1558251875685,13.42180329194666
Incidence,Fukui,Male,Age-standardized,Schizophrenia,Rate,2001,19.311445925569824,22.934446960552435,16.2217144087585
Incidence,Fukui,Female,Age-standardized,Schizophrenia,Rate,2001,15.982150549966544,19.16382293041875,13.448983783953896
Incidence,Fukui,Male,Age-standardized,Schizophrenia,Rate,2002,19.30308767278496,22.964553134552173,16.199689053415238
Incidence,Fukui,Female,Age-standardized,Schizophrenia,Rate,2002,15.987964953638452,19.198225242434415,13.466729231375336
Incidence,Fukui,Male,Age-standardized,Schizophrenia,Rate,2003,19.29470139831252,22.96968972125842,16.16039245543005
Incidence,Fukui,Female,Age-standardized,Schizophrenia,Rate,2003,15.996716806895279,19.177542449660418,13.455222580890215
Incidence,Fukui,Male,Age-standardized,Schizophrenia,Rate,2004,19.289432890900176,22.923138749501433,16.131050295482343
Incidence,Fukui,Female,Age-standardized,Schizophrenia,Rate,2004,16.00774553284273,19.19911675440124,13.394390848348701
Incidence,Fukui,Male,Age-standardized,Schizophrenia,Rate,2005,19.290427939295615,23.05229633951239,16.1095612693171
Incidence,Fukui,Female,Age-standardized,Schizophrenia,Rate,2005,16.020390554586513,19.252689538579137,13.372545625992718
Incidence,Fukui,Male,Age-standardized,Schizophrenia,Rate,2006,19.29616106196838,23.00294530748169,16.218208049071652
Incidence,Fukui,Female,Age-standardized,Schizophrenia,Rate,2006,16.064896754626716,19.161519498898674,13.471074932400002
Incidence,Fukui,Male,Age-standardized,Schizophrenia,Rate,2007,19.30304493104722,22.94030195143854,16.173127728088843
Incidence,Fukui,Female,Age-standardized,Schizophrenia,Rate,2007,16.15482228245961,19.17888499935872,13.512123878090863
Incidence,Fukui,Male,Age-standardized,Schizophrenia,Rate,2008,19.31113256576859,22.97946524624748,16.15669561861464
Incidence,Fukui,Female,Age-standardized,Schizophrenia,Rate,2008,16.26447646168519,19.253628499605934,13.595775532445359
Incidence,Fukui,Male,Age-standardized,Schizophrenia,Rate,2009,19.320476985368973,23.06424434974232,16.211367893453467
Incidence,Fukui,Female,Age-standardized,Schizophrenia,Rate,2009,16.368168615903468,19.311199892549524,13.663242468094351
Incidence,Fukui,Male,Age-standardized,Schizophrenia,Rate,2010,19.331131209084816,23.11911500548643,16.17229962097668
Incidence,Fukui,Female,Age-standardized,Schizophrenia,Rate,2010,16.440208068714426,19.632836213435553,13.658990306808104
Incidence,Fukui,Male,Age-standardized,Schizophrenia,Rate,2011,19.346799899100894,23.035186148033162,16.20473746111758
Incidence,Fukui,Female,Age-standardized,Schizophrenia,Rate,2011,16.47549495592253,19.56721804216192,13.781505972173681
Incidence,Fukui,Male,Age-standardized,Schizophrenia,Rate,2012,19.365869158538604,22.9863262624641,16.251887630465877
Incidence,Fukui,Female,Age-standardized,Schizophrenia,Rate,2012,16.493588938780718,19.44875318933431,13.868663100523692
Incidence,Fukui,Male,Age-standardized,Schizophrenia,Rate,2013,19.38041416803939,23.14110782954813,16.307621772832157
Incidence,Fukui,Female,Age-standardized,Schizophrenia,Rate,2013,16.505788629061712,19.41718781271875,13.859961492938169
Incidence,Fukui,Male,Age-standardized,Schizophrenia,Rate,2014,19.382510108244695,23.085616099141262,16.279099362749523
Incidence,Fukui,Female,Age-standardized,Schizophrenia,Rate,2014,16.52339263853825,19.397607352747258,13.854495663297639
Incidence,Fukui,Male,Age-standardized,Schizophrenia,Rate,2015,19.364232159795954,23.084600180304633,16.179088721229416
Incidence,Fukui,Female,Age-standardized,Schizophrenia,Rate,2015,16.557699578983048,19.398540731804754,13.757636933024154
Incidence,Fukui,Male,Age-standardized,Schizophrenia,Rate,2016,19.07014440756961,22.703274370597143,15.963044486749066
Incidence,Fukui,Female,Age-standardized,Schizophrenia,Rate,2016,16.604172220894814,19.586448297868326,13.953494739269562
Incidence,Fukui,Male,Age-standardized,Schizophrenia,Rate,2017,18.799308328373566,22.34508931624495,15.519198011938201
Incidence,Fukui,Female,Age-standardized,Schizophrenia,Rate,2017,16.634048741641884,19.859048217398094,13.877306230625393
Incidence,Fukui,Male,Age-standardized,Schizophrenia,Rate,2018,18.88237250286286,22.458061932002398,15.833582613078933
Incidence,Fukui,Female,Age-standardized,Schizophrenia,Rate,2018,16.412801381175957,19.575674877276573,13.803845922969257
Incidence,Fukui,Male,Age-standardized,Schizophrenia,Rate,2019,19.148104307325358,22.666192641812554,16.095338747569986
Incidence,Fukui,Female,Age-standardized,Schizophrenia,Rate,2019,15.899748645188726,19.1013303503424,13.255982074704303
Incidence,Ibaraki,Male,Age-standardized,Schizophrenia,Rate,1990,19.27501907933237,22.68225988222487,16.049815274135266
Incidence,Ibaraki,Female,Age-standardized,Schizophrenia,Rate,1990,16.120555121399395,18.84333086714867,13.617900726285251
Incidence,Ibaraki,Male,Age-standardized,Schizophrenia,Rate,1991,19.288378372949943,22.73018725073655,16.111842056759947
Incidence,Ibaraki,Female,Age-standardized,Schizophrenia,Rate,1991,16.087829816108247,18.813608803484165,13.586380297117797
Incidence,Ibaraki,Male,Age-standardized,Schizophrenia,Rate,1992,19.29940756469505,22.898101741480072,16.116407708223814
Incidence,Ibaraki,Female,Age-standardized,Schizophrenia,Rate,1992,16.058479028734535,18.833359823771822,13.527936054378998
Incidence,Ibaraki,Male,Age-standardized,Schizophrenia,Rate,1993,19.30790027088209,22.895121174482526,16.148833176663043
Incidence,Ibaraki,Female,Age-standardized,Schizophrenia,Rate,1993,16.034058957285964,18.81670153733786,13.487824835932447
Incidence,Ibaraki,Male,Age-standardized,Schizophrenia,Rate,1994,19.313650107825477,23.09376716907436,16.12210741129232
Incidence,Ibaraki,Female,Age-standardized,Schizophrenia,Rate,1994,16.01612579977023,18.865256633205888,13.452855118629728
Incidence,Ibaraki,Male,Age-standardized,Schizophrenia,Rate,1995,19.3164506918396,23.234758676741574,16.12564853170255
Incidence,Ibaraki,Female,Age-standardized,Schizophrenia,Rate,1995,16.00623575419503,19.023342456996343,13.457971076331594
Incidence,Ibaraki,Male,Age-standardized,Schizophrenia,Rate,1996,19.314487625762506,23.063375115329865,16.143956087452356
Incidence,Ibaraki,Female,Age-standardized,Schizophrenia,Rate,1996,16.00019550766602,18.983470623775947,13.483003849607222
Incidence,Ibaraki,Male,Age-standardized,Schizophrenia,Rate,1997,19.307933664049823,22.866468801350326,16.170851109390973
Incidence,Ibaraki,Female,Age-standardized,Schizophrenia,Rate,1997,15.993528826652279,18.973611670173444,13.518600283876438
Incidence,Ibaraki,Male,Age-standardized,Schizophrenia,Rate,1998,19.299563150442307,22.784509666954012,16.15691574166548
Incidence,Ibaraki,Female,Age-standardized,Schizophrenia,Rate,1998,15.987367528206656,18.938115552412494,13.455521172563492
Incidence,Ibaraki,Male,Age-standardized,Schizophrenia,Rate,1999,19.29215042868072,22.875509870309557,16.156884699517025
Incidence,Ibaraki,Female,Age-standardized,Schizophrenia,Rate,1999,15.982843429382008,18.87744966695413,13.438584883801113
Incidence,Ibaraki,Male,Age-standardized,Schizophrenia,Rate,2000,19.28846984250582,22.90619316494254,16.06763416140267
Incidence,Ibaraki,Female,Age-standardized,Schizophrenia,Rate,2000,15.981088347231184,18.88052400350475,13.397079472952687
Incidence,Ibaraki,Male,Age-standardized,Schizophrenia,Rate,2001,19.285614542219935,22.85723270242548,16.125265090415155
Incidence,Ibaraki,Female,Age-standardized,Schizophrenia,Rate,2001,15.982400981645632,18.745274317484775,13.450921274839331
Incidence,Ibaraki,Male,Age-standardized,Schizophrenia,Rate,2002,19.280589631602055,22.816318107450716,16.132407143049143
Incidence,Ibaraki,Female,Age-standardized,Schizophrenia,Rate,2002,15.985839734528561,18.70369637605758,13.508605429438775
Incidence,Ibaraki,Male,Age-standardized,Schizophrenia,Rate,2003,19.276037384607932,22.895949458193606,16.13345319715927
Incidence,Ibaraki,Female,Age-standardized,Schizophrenia,Rate,2003,15.990675975950431,18.744021980632073,13.466175128991878
Incidence,Ibaraki,Male,Age-standardized,Schizophrenia,Rate,2004,19.27460007519331,22.94205921688179,16.19172811133465
Incidence,Ibaraki,Female,Age-standardized,Schizophrenia,Rate,2004,15.996181075981733,18.807412673140764,13.442281629897789
Incidence,Ibaraki,Male,Age-standardized,Schizophrenia,Rate,2005,19.278919977313947,22.985539661584475,16.104497088653194
Incidence,Ibaraki,Female,Age-standardized,Schizophrenia,Rate,2005,16.001626404692935,18.856655160540022,13.34330665176103
Incidence,Ibaraki,Male,Age-standardized,Schizophrenia,Rate,2006,19.290752364220456,22.901381764265423,16.214186178035977
Incidence,Ibaraki,Female,Age-standardized,Schizophrenia,Rate,2006,16.042768650476802,18.8335939567915,13.450626865209776
Incidence,Ibaraki,Male,Age-standardized,Schizophrenia,Rate,2007,19.30766441981237,22.86030295914841,16.185287016806257
Incidence,Ibaraki,Female,Age-standardized,Schizophrenia,Rate,2007,16.13576672135229,18.92678636299754,13.498121349817094
Incidence,Ibaraki,Male,Age-standardized,Schizophrenia,Rate,2008,19.326016284018888,22.86642619280246,16.17343989095298
Incidence,Ibaraki,Female,Age-standardized,Schizophrenia,Rate,2008,16.250495316829177,19.083797487229184,13.543538502152108
Incidence,Ibaraki,Male,Age-standardized,Schizophrenia,Rate,2009,19.342168096769196,22.996213112644135,16.193196101113276
Incidence,Ibaraki,Female,Age-standardized,Schizophrenia,Rate,2009,16.356829136417236,19.239931292628484,13.569229635483044
Incidence,Ibaraki,Male,Age-standardized,Schizophrenia,Rate,2010,19.352479997992482,23.04730031631125,16.11478497222343
Incidence,Ibaraki,Female,Age-standardized,Schizophrenia,Rate,2010,16.424642879626237,19.430688444612052,13.604592142015765
Incidence,Ibaraki,Male,Age-standardized,Schizophrenia,Rate,2011,19.36405580768128,22.94572548370789,16.21937451214635
Incidence,Ibaraki,Female,Age-standardized,Schizophrenia,Rate,2011,16.470411363825193,19.541678770326996,13.645420448963609
Incidence,Ibaraki,Male,Age-standardized,Schizophrenia,Rate,2012,19.379468887017097,22.96630612203067,16.174351489885222
Incidence,Ibaraki,Female,Age-standardized,Schizophrenia,Rate,2012,16.52555155555994,19.53225257133019,13.686896590783864
Incidence,Ibaraki,Male,Age-standardized,Schizophrenia,Rate,2013,19.388283687712583,22.891257882807764,16.223942037938134
Incidence,Ibaraki,Female,Age-standardized,Schizophrenia,Rate,2013,16.582351378105514,19.579739196045487,13.832770293901907
Incidence,Ibaraki,Male,Age-standardized,Schizophrenia,Rate,2014,19.38006466148038,23.029595681379163,16.256262250071597
Incidence,Ibaraki,Female,Age-standardized,Schizophrenia,Rate,2014,16.63309875473696,19.687688314662058,13.846903062881275
Incidence,Ibaraki,Male,Age-standardized,Schizophrenia,Rate,2015,19.34437626003313,23.034266634358573,16.193961234603822
Incidence,Ibaraki,Female,Age-standardized,Schizophrenia,Rate,2015,16.6700816087293,19.83442845084332,13.820009770621592
Incidence,Ibaraki,Male,Age-standardized,Schizophrenia,Rate,2016,19.023718296195288,22.34135507061655,15.988880535151807
Incidence,Ibaraki,Female,Age-standardized,Schizophrenia,Rate,2016,16.634531576773092,19.534735761100272,13.787369256968566
Incidence,Ibaraki,Male,Age-standardized,Schizophrenia,Rate,2017,18.73833752390055,22.242238182555123,15.713776607440927
Incidence,Ibaraki,Female,Age-standardized,Schizophrenia,Rate,2017,16.578555835792713,19.6207393695631,13.81313318035778
Incidence,Ibaraki,Male,Age-standardized,Schizophrenia,Rate,2018,18.83591916862858,22.133803411219205,15.850124775027414
Incidence,Ibaraki,Female,Age-standardized,Schizophrenia,Rate,2018,16.365741644373827,19.352446079054467,13.656255938427261
Incidence,Ibaraki,Male,Age-standardized,Schizophrenia,Rate,2019,19.146252646064333,22.47265803435619,16.14459142024603
Incidence,Ibaraki,Female,Age-standardized,Schizophrenia,Rate,2019,15.923897358269857,19.05564021470508,13.196292908520943
Incidence,Kagoshima,Male,Age-standardized,Schizophrenia,Rate,1990,19.303602096184534,23.27088219860159,16.004225027593797
Incidence,Kagoshima,Female,Age-standardized,Schizophrenia,Rate,1990,16.05669397851816,18.863711179374477,13.459019561687517
Incidence,Kagoshima,Male,Age-standardized,Schizophrenia,Rate,1991,19.320559579966652,23.12476857222032,16.117588826858405
Incidence,Kagoshima,Female,Age-standardized,Schizophrenia,Rate,1991,16.029991821910293,18.798962422469966,13.394181102905435
Incidence,Kagoshima,Male,Age-standardized,Schizophrenia,Rate,1992,19.333445511915855,23.087095296565096,16.249845161637555
Incidence,Kagoshima,Female,Age-standardized,Schizophrenia,Rate,1992,16.00784549012275,18.76811187341973,13.441263557921754
Incidence,Kagoshima,Male,Age-standardized,Schizophrenia,Rate,1993,19.342325252169694,23.09932287400757,16.22013881058521
Incidence,Kagoshima,Female,Age-standardized,Schizophrenia,Rate,1993,15.990810847076013,18.807448069498317,13.421168255619117
Incidence,Kagoshima,Male,Age-standardized,Schizophrenia,Rate,1994,19.347264160865713,23.055607396261316,16.185159587875276
Incidence,Kagoshima,Female,Age-standardized,Schizophrenia,Rate,1994,15.97944375669057,18.761302435953617,13.343202979484957
Incidence,Kagoshima,Male,Age-standardized,Schizophrenia,Rate,1995,19.34832759814145,23.08973027891047,16.087345347197342
Incidence,Kagoshima,Female,Age-standardized,Schizophrenia,Rate,1995,15.974300082886915,18.823654718189776,13.31078938486898
Incidence,Kagoshima,Male,Age-standardized,Schizophrenia,Rate,1996,19.341253070460137,23.109586943662094,16.123519048328923
Incidence,Kagoshima,Female,Age-standardized,Schizophrenia,Rate,1996,15.977415004059468,18.845136144895005,13.384065715757018
Incidence,Kagoshima,Male,Age-standardized,Schizophrenia,Rate,1997,19.325563325274203,23.10657099831739,16.128366664742764
Incidence,Kagoshima,Female,Age-standardized,Schizophrenia,Rate,1997,15.98757948001904,19.001188908594184,13.446260258066873
Incidence,Kagoshima,Male,Age-standardized,Schizophrenia,Rate,1998,19.307001584205008,23.019975989779134,16.072154844990028
Incidence,Kagoshima,Female,Age-standardized,Schizophrenia,Rate,1998,16.000483046810697,18.97014922034501,13.473081650435386
Incidence,Kagoshima,Male,Age-standardized,Schizophrenia,Rate,1999,19.291311068873917,22.940788555173924,16.018902022881235
Incidence,Kagoshima,Female,Age-standardized,Schizophrenia,Rate,1999,16.011815240479493,19.046941199986875,13.480817638943993
Incidence,Kagoshima,Male,Age-standardized,Schizophrenia,Rate,2000,19.284235000902306,23.072231287422074,15.974934775826627
Incidence,Kagoshima,Female,Age-standardized,Schizophrenia,Rate,2000,16.017265597070494,19.05160254675001,13.46159777253644
Incidence,Kagoshima,Male,Age-standardized,Schizophrenia,Rate,2001,19.2839450561142,22.93662944222596,16.0741167801473
Incidence,Kagoshima,Female,Age-standardized,Schizophrenia,Rate,2001,16.01369874974952,19.018088278097245,13.47520529529694
Incidence,Kagoshima,Male,Age-standardized,Schizophrenia,Rate,2002,19.28478315009469,22.78859925411878,16.17374157970951
Incidence,Kagoshima,Female,Age-standardized,Schizophrenia,Rate,2002,16.00402369809731,18.98582184804403,13.461190231214351
Incidence,Kagoshima,Male,Age-standardized,Schizophrenia,Rate,2003,19.286747864106722,22.65709075447319,16.127035639982452
Incidence,Kagoshima,Female,Age-standardized,Schizophrenia,Rate,2003,15.992996527781333,18.865305497154683,13.405127716499399
Incidence,Kagoshima,Male,Age-standardized,Schizophrenia,Rate,2004,19.289837779413237,22.549162336851033,16.036212125002027
Incidence,Kagoshima,Female,Age-standardized,Schizophrenia,Rate,2004,15.985373324469066,18.943244625908203,13.44072882696333
Incidence,Kagoshima,Male,Age-standardized,Schizophrenia,Rate,2005,19.294051477277172,22.56388950073699,16.016704639181583
Incidence,Kagoshima,Female,Age-standardized,Schizophrenia,Rate,2005,15.985910173827968,18.93577225278143,13.355511063175372
Incidence,Kagoshima,Male,Age-standardized,Schizophrenia,Rate,2006,19.301818577385884,22.712128735575867,16.119295403402976
Incidence,Kagoshima,Female,Age-standardized,Schizophrenia,Rate,2006,16.03061412965468,18.822505441277357,13.48353619749022
Incidence,Kagoshima,Male,Age-standardized,Schizophrenia,Rate,2007,19.31400651587685,22.736317681799108,16.214358403677505
Incidence,Kagoshima,Female,Age-standardized,Schizophrenia,Rate,2007,16.130760534123596,18.90054913262083,13.60187685608244
Incidence,Kagoshima,Male,Age-standardized,Schizophrenia,Rate,2008,19.328270598688235,22.87172643736803,16.20954407985802
Incidence,Kagoshima,Female,Age-standardized,Schizophrenia,Rate,2008,16.254007905468818,19.182862161461752,13.62454786586389
Incidence,Kagoshima,Male,Age-standardized,Schizophrenia,Rate,2009,19.342266131758183,23.002218112465258,16.22462460068955
Incidence,Kagoshima,Female,Age-standardized,Schizophrenia,Rate,2009,16.368014761924446,19.29509668005433,13.741653160553394
Incidence,Kagoshima,Male,Age-standardized,Schizophrenia,Rate,2010,19.353648421024847,23.187401023467263,16.240641729773106
Incidence,Kagoshima,Female,Age-standardized,Schizophrenia,Rate,2010,16.44043962172458,19.473152926398438,13.777917207168416
Incidence,Kagoshima,Male,Age-standardized,Schizophrenia,Rate,2011,19.36763552317895,23.094271800579417,16.352562017609262
Incidence,Kagoshima,Female,Age-standardized,Schizophrenia,Rate,2011,16.477746512611755,19.520873960496292,13.727856100546052
Incidence,Kagoshima,Male,Age-standardized,Schizophrenia,Rate,2012,19.384813162990383,22.967149162358634,16.444411939687242
Incidence,Kagoshima,Female,Age-standardized,Schizophrenia,Rate,2012,16.50953627069182,19.511536210797203,13.795234873752827
Incidence,Kagoshima,Male,Age-standardized,Schizophrenia,Rate,2013,19.395888148516033,22.896412706620218,16.4222195205297
Incidence,Kagoshima,Female,Age-standardized,Schizophrenia,Rate,2013,16.53817262674388,19.491610911040716,13.866424199291615
Incidence,Kagoshima,Male,Age-standardized,Schizophrenia,Rate,2014,19.391567287812798,22.949202230887067,16.390944639691373
Incidence,Kagoshima,Female,Age-standardized,Schizophrenia,Rate,2014,16.56601931154701,19.604026390625695,13.720619834469156
Incidence,Kagoshima,Male,Age-standardized,Schizophrenia,Rate,2015,19.362557388937567,22.96931178950878,16.396981399579765
Incidence,Kagoshima,Female,Age-standardized,Schizophrenia,Rate,2015,16.5954400558803,19.71516377224875,13.696373341921674
Incidence,Kagoshima,Male,Age-standardized,Schizophrenia,Rate,2016,19.077834901375308,22.54291147668741,16.097183171709766
Incidence,Kagoshima,Female,Age-standardized,Schizophrenia,Rate,2016,16.62913285409157,19.597394279514482,13.902220363587666
Incidence,Kagoshima,Male,Age-standardized,Schizophrenia,Rate,2017,18.82532114268514,22.361943291108517,15.623521040624336
Incidence,Kagoshima,Female,Age-standardized,Schizophrenia,Rate,2017,16.644874631236892,19.750893699276684,13.943496925000403
Incidence,Kagoshima,Male,Age-standardized,Schizophrenia,Rate,2018,18.92162924216155,22.41569301732916,15.882194639003728
Incidence,Kagoshima,Female,Age-standardized,Schizophrenia,Rate,2018,16.422491617237,19.40679079056217,13.837979225953115
Incidence,Kagoshima,Male,Age-standardized,Schizophrenia,Rate,2019,19.211326133817487,22.63451441569736,16.048908231011342
Incidence,Kagoshima,Female,Age-standardized,Schizophrenia,Rate,2019,15.924585759576795,19.02870331602556,13.3101414509402
Incidence,Nagano,Male,Age-standardized,Schizophrenia,Rate,1990,19.319392192010465,22.79788442918805,16.082614319139886
Incidence,Nagano,Female,Age-standardized,Schizophrenia,Rate,1990,16.047218727458,19.034090196321003,13.463143019903548
Incidence,Nagano,Male,Age-standardized,Schizophrenia,Rate,1991,19.32678719631421,22.76741130392355,16.109097718908174
Incidence,Nagano,Female,Age-standardized,Schizophrenia,Rate,1991,16.029513649067578,18.985433792638364,13.521572827648496
Incidence,Nagano,Male,Age-standardized,Schizophrenia,Rate,1992,19.332237820900815,22.73785087838054,16.09111946900433
Incidence,Nagano,Female,Age-standardized,Schizophrenia,Rate,1992,16.012917102150155,19.003538008734466,13.555520331201215
Incidence,Nagano,Male,Age-standardized,Schizophrenia,Rate,1993,19.33566797445814,22.788129930094005,16.21252670084839
Incidence,Nagano,Female,Age-standardized,Schizophrenia,Rate,1993,15.99862815264411,18.932462976259195,13.503821407229527
Incidence,Nagano,Male,Age-standardized,Schizophrenia,Rate,1994,19.337001565674065,22.836973889544453,16.196723168978647
Incidence,Nagano,Female,Age-standardized,Schizophrenia,Rate,1994,15.987845866487842,18.76463968240459,13.496875958659952
Incidence,Nagano,Male,Age-standardized,Schizophrenia,Rate,1995,19.33616250323645,22.998053273672213,16.138129554929627
Incidence,Nagano,Female,Age-standardized,Schizophrenia,Rate,1995,15.98176930961972,18.72299345388771,13.408902588214348
Incidence,Nagano,Male,Age-standardized,Schizophrenia,Rate,1996,19.331403561232488,22.915885674011477,16.30442443413032
Incidence,Nagano,Female,Age-standardized,Schizophrenia,Rate,1996,15.976583485683651,18.7069697534526,13.491458935535583
Incidence,Nagano,Male,Age-standardized,Schizophrenia,Rate,1997,19.32264355054662,22.785538274713435,16.289622673214332
Incidence,Nagano,Female,Age-standardized,Schizophrenia,Rate,1997,15.969087093858796,18.65905216467611,13.496759167320679
Incidence,Nagano,Male,Age-standardized,Schizophrenia,Rate,1998,19.312305435062584,22.758291788370343,16.232372879211887
Incidence,Nagano,Female,Age-standardized,Schizophrenia,Rate,1998,15.96139974338645,18.663271807415647,13.479403845045294
Incidence,Nagano,Male,Age-standardized,Schizophrenia,Rate,1999,19.302812178664137,22.68573324306575,16.24459934015274
Incidence,Nagano,Female,Age-standardized,Schizophrenia,Rate,1999,15.955641043507912,18.706136116685375,13.46206566064408
Incidence,Nagano,Male,Age-standardized,Schizophrenia,Rate,2000,19.29658674523501,22.78446577862964,16.186110012217295
Incidence,Nagano,Female,Age-standardized,Schizophrenia,Rate,2000,15.953930603464459,18.800290019044137,13.381772425085465
Incidence,Nagano,Male,Age-standardized,Schizophrenia,Rate,2001,19.290179736719498,22.680436143169732,16.18559608789212
Incidence,Nagano,Female,Age-standardized,Schizophrenia,Rate,2001,15.958464449850664,18.863427189191317,13.391239586689249
Incidence,Nagano,Male,Age-standardized,Schizophrenia,Rate,2002,19.280493107562048,22.635059390300807,16.202995778998407
Incidence,Nagano,Female,Age-standardized,Schizophrenia,Rate,2002,15.968721375042016,18.87445377408472,13.454337583160479
Incidence,Nagano,Male,Age-standardized,Schizophrenia,Rate,2003,19.270476850396683,22.639123268788346,16.243383561725224
Incidence,Nagano,Female,Age-standardized,Schizophrenia,Rate,2003,15.98274513695119,18.918287865293035,13.480657267042142
Incidence,Nagano,Male,Age-standardized,Schizophrenia,Rate,2004,19.263080957857436,22.798628258711194,16.191629196637816
Incidence,Nagano,Female,Age-standardized,Schizophrenia,Rate,2004,15.998579493490862,18.911669778865885,13.512004133786691
Incidence,Nagano,Male,Age-standardized,Schizophrenia,Rate,2005,19.26125542257833,22.90047120736918,16.166857028395718
Incidence,Nagano,Female,Age-standardized,Schizophrenia,Rate,2005,16.0142682025737,18.997227747221746,13.543415807877466
Incidence,Nagano,Male,Age-standardized,Schizophrenia,Rate,2006,19.27166341938529,22.7729552771261,16.260159519226853
Incidence,Nagano,Female,Age-standardized,Schizophrenia,Rate,2006,16.06128470552038,19.02119148473955,13.568923513452882
Incidence,Nagano,Male,Age-standardized,Schizophrenia,Rate,2007,19.29428150216434,22.860910475265396,16.29996148519097
Incidence,Nagano,Female,Age-standardized,Schizophrenia,Rate,2007,16.154311959062042,18.995496212699557,13.6086544141043
Incidence,Nagano,Male,Age-standardized,Schizophrenia,Rate,2008,19.322029732139654,22.80815550463407,16.15026070545435
Incidence,Nagano,Female,Age-standardized,Schizophrenia,Rate,2008,16.266207994227088,19.072598982881704,13.598133122302977
Incidence,Nagano,Male,Age-standardized,Schizophrenia,Rate,2009,19.3478281705354,22.930002927864773,16.09985738929075
Incidence,Nagano,Female,Age-standardized,Schizophrenia,Rate,2009,16.369830842043903,19.24365883102602,13.63779837921576
Incidence,Nagano,Male,Age-standardized,Schizophrenia,Rate,2010,19.364596878575757,23.053897946436756,16.158637896688504
Incidence,Nagano,Female,Age-standardized,Schizophrenia,Rate,2010,16.43803853354088,19.46258287578477,13.660652783154578
Incidence,Nagano,Male,Age-standardized,Schizophrenia,Rate,2011,19.37860647091068,22.89096635610514,16.226954680384527
Incidence,Nagano,Female,Age-standardized,Schizophrenia,Rate,2011,16.47785300217608,19.41817005241365,13.750911190573493
Incidence,Nagano,Male,Age-standardized,Schizophrenia,Rate,2012,19.39481825314334,22.88635654772343,16.286846125880523
Incidence,Nagano,Female,Age-standardized,Schizophrenia,Rate,2012,16.514459752623978,19.4604407160047,13.829179294653278
Incidence,Nagano,Male,Age-standardized,Schizophrenia,Rate,2013,19.404188322927723,22.999253219531415,16.286712521600293
Incidence,Nagano,Female,Age-standardized,Schizophrenia,Rate,2013,16.547962172737595,19.41786250988875,13.87306113801887
Incidence,Nagano,Male,Age-standardized,Schizophrenia,Rate,2014,19.397672777917823,23.08436827514957,16.240853134718275
Incidence,Nagano,Female,Age-standardized,Schizophrenia,Rate,2014,16.578463650369955,19.443156525092792,13.931357889013317
Incidence,Nagano,Male,Age-standardized,Schizophrenia,Rate,2015,19.366227715767614,23.142713092137683,16.148207193008048
Incidence,Nagano,Female,Age-standardized,Schizophrenia,Rate,2015,16.606067573374084,19.53089868768043,13.963707518088597
Incidence,Nagano,Male,Age-standardized,Schizophrenia,Rate,2016,19.06625317198582,22.69831827268425,15.986739729729463
Incidence,Nagano,Female,Age-standardized,Schizophrenia,Rate,2016,16.60259276492261,19.49174969974234,13.970768735456591
Incidence,Nagano,Male,Age-standardized,Schizophrenia,Rate,2017,18.79674308932537,22.53834788197559,15.73693981377635
Incidence,Nagano,Female,Age-standardized,Schizophrenia,Rate,2017,16.581645572644966,19.626194136973986,13.836706625779243
Incidence,Nagano,Male,Age-standardized,Schizophrenia,Rate,2018,18.877383233242288,22.38453940311426,15.774902948208243
Incidence,Nagano,Female,Age-standardized,Schizophrenia,Rate,2018,16.362670296586792,19.36953981258384,13.675060377324032
Incidence,Nagano,Male,Age-standardized,Schizophrenia,Rate,2019,19.139328708356256,22.643718339122795,15.886809621916122
Incidence,Nagano,Female,Age-standardized,Schizophrenia,Rate,2019,15.887148921982025,18.88790070400886,13.118448773311128
Incidence,Aichi,Male,Age-standardized,Schizophrenia,Rate,1990,19.26770558089518,22.963218356013968,15.98647179674825
Incidence,Aichi,Female,Age-standardized,Schizophrenia,Rate,1990,16.10716901459492,19.02897799761885,13.583834118755764
Incidence,Aichi,Male,Age-standardized,Schizophrenia,Rate,1991,19.276598515254296,22.869088087432264,16.094271161237106
Incidence,Aichi,Female,Age-standardized,Schizophrenia,Rate,1991,16.059916132624373,18.933551323510986,13.560834374196714
Incidence,Aichi,Male,Age-standardized,Schizophrenia,Rate,1992,19.28246440291442,22.854527923430872,16.117772341581926
Incidence,Aichi,Female,Age-standardized,Schizophrenia,Rate,1992,16.019415601262967,18.808709396032445,13.536306266841928
Incidence,Aichi,Male,Age-standardized,Schizophrenia,Rate,1993,19.28560034098853,22.740279528608077,16.148813038809013
Incidence,Aichi,Female,Age-standardized,Schizophrenia,Rate,1993,15.987179548525114,18.759638737031977,13.437917797253919
Incidence,Aichi,Male,Age-standardized,Schizophrenia,Rate,1994,19.28630342658959,22.789251192664455,16.016594720217185
Incidence,Aichi,Female,Age-standardized,Schizophrenia,Rate,1994,15.964720102425247,18.78665354153795,13.347770270191923
Incidence,Aichi,Male,Age-standardized,Schizophrenia,Rate,1995,19.284870756830582,22.772698047085964,15.97958014419422
Incidence,Aichi,Female,Age-standardized,Schizophrenia,Rate,1995,15.95354939097778,18.929702123518588,13.272129275845437
Incidence,Aichi,Male,Age-standardized,Schizophrenia,Rate,1996,19.276942678190803,22.7243848213633,16.089875071548068
Incidence,Aichi,Female,Age-standardized,Schizophrenia,Rate,1996,15.954254403154605,18.923575636380104,13.346853661340841
Incidence,Aichi,Male,Age-standardized,Schizophrenia,Rate,1997,19.261362386497755,22.673543479273576,16.097698511931956
Incidence,Aichi,Female,Age-standardized,Schizophrenia,Rate,1997,15.963192363259342,18.85809442298752,13.373563272315426
Incidence,Aichi,Male,Age-standardized,Schizophrenia,Rate,1998,19.24323125288668,22.645349418810564,16.08779008436462
Incidence,Aichi,Female,Age-standardized,Schizophrenia,Rate,1998,15.975530752304046,18.82212155287537,13.418539127950993
Incidence,Aichi,Male,Age-standardized,Schizophrenia,Rate,1999,19.22765064849283,22.740085749645647,16.001310349453068
Incidence,Aichi,Female,Age-standardized,Schizophrenia,Rate,1999,15.986437051300758,18.900975316726836,13.39132976144768
Incidence,Aichi,Male,Age-standardized,Schizophrenia,Rate,2000,19.219721944451432,22.720507134653744,15.918447553370653
Incidence,Aichi,Female,Age-standardized,Schizophrenia,Rate,2000,15.991078741261534,19.007517829226398,13.392618082805175
Incidence,Aichi,Male,Age-standardized,Schizophrenia,Rate,2001,19.21967313347771,22.712477046870113,15.937329363148773
Incidence,Aichi,Female,Age-standardized,Schizophrenia,Rate,2001,15.987514489120827,18.967951128006977,13.423063823501602
Incidence,Aichi,Male,Age-standardized,Schizophrenia,Rate,2002,19.223234886757673,22.730820083242342,16.01782728337896
Incidence,Aichi,Female,Age-standardized,Schizophrenia,Rate,2002,15.979458131105305,18.936922696325926,13.466493560418282
Incidence,Aichi,Male,Age-standardized,Schizophrenia,Rate,2003,19.228762593132803,22.786899553257104,16.0047284366722
Incidence,Aichi,Female,Age-standardized,Schizophrenia,Rate,2003,15.970559902165327,18.94006629516382,13.473336178883567
Incidence,Aichi,Male,Age-standardized,Schizophrenia,Rate,2004,19.234611641444573,22.817029137872787,16.048723405336947
Incidence,Aichi,Female,Age-standardized,Schizophrenia,Rate,2004,15.964470037251258,18.893317483080573,13.469782275477412
Incidence,Aichi,Male,Age-standardized,Schizophrenia,Rate,2005,19.23913742053446,22.957478299673777,16.019626035524574
Incidence,Aichi,Female,Age-standardized,Schizophrenia,Rate,2005,15.964838771313447,18.941225924191112,13.423092200745117
Incidence,Aichi,Male,Age-standardized,Schizophrenia,Rate,2006,19.258576570713192,22.853427142719546,16.12007081696857
Incidence,Aichi,Female,Age-standardized,Schizophrenia,Rate,2006,16.009930447243192,18.978687381717613,13.519400580522285
Incidence,Aichi,Male,Age-standardized,Schizophrenia,Rate,2007,19.30010922458736,22.89557353479071,16.16435837774697
Incidence,Aichi,Female,Age-standardized,Schizophrenia,Rate,2007,16.11272223411873,19.08285592576567,13.633866809051039
Incidence,Aichi,Male,Age-standardized,Schizophrenia,Rate,2008,19.34850600944217,23.07968920726268,16.187577678731998
Incidence,Aichi,Female,Age-standardized,Schizophrenia,Rate,2008,16.238933606170832,19.298915006901197,13.633813228907126
Incidence,Aichi,Male,Age-standardized,Schizophrenia,Rate,2009,19.38853755256285,23.306068519867267,16.156376094647534
Incidence,Aichi,Female,Age-standardized,Schizophrenia,Rate,2009,16.35428403763027,19.391015410505968,13.763594123059054
Incidence,Aichi,Male,Age-standardized,Schizophrenia,Rate,2010,19.404974481234618,23.275198932848454,15.986092380272733
Incidence,Aichi,Female,Age-standardized,Schizophrenia,Rate,2010,16.424493002727818,19.634890209680403,13.793122702483881
Incidence,Aichi,Male,Age-standardized,Schizophrenia,Rate,2011,19.405136688909014,23.201753654284616,16.021048681157907
Incidence,Aichi,Female,Age-standardized,Schizophrenia,Rate,2011,16.462489795032454,19.456918286660358,13.856269540871862
Incidence,Aichi,Male,Age-standardized,Schizophrenia,Rate,2012,19.402512797941345,22.939037116257843,16.051537925485388
Incidence,Aichi,Female,Age-standardized,Schizophrenia,Rate,2012,16.50215826271979,19.480098598607114,13.901804626180379
Incidence,Aichi,Male,Age-standardized,Schizophrenia,Rate,2013,19.391126528972475,22.853917083553245,16.093827055753625
Incidence,Aichi,Female,Age-standardized,Schizophrenia,Rate,2013,16.54064971193056,19.369255145783743,13.866781921670931
Incidence,Aichi,Male,Age-standardized,Schizophrenia,Rate,2014,19.365001602643257,22.84629575663441,16.089178043875002
Incidence,Aichi,Female,Age-standardized,Schizophrenia,Rate,2014,16.57511544880549,19.35204534934477,13.886868159757816
Incidence,Aichi,Male,Age-standardized,Schizophrenia,Rate,2015,19.318161739594558,22.748354935893396,15.941903563924818
Incidence,Aichi,Female,Age-standardized,Schizophrenia,Rate,2015,16.60270677948531,19.48382586852856,13.871484152160624
Incidence,Aichi,Male,Age-standardized,Schizophrenia,Rate,2016,18.999916252805466,22.319422292413144,15.94796709479607
Incidence,Aichi,Female,Age-standardized,Schizophrenia,Rate,2016,16.621296085259306,19.542582923067556,13.994490930143128
Incidence,Aichi,Male,Age-standardized,Schizophrenia,Rate,2017,18.72005103328378,22.01676796122711,15.666006070332713
Incidence,Aichi,Female,Age-standardized,Schizophrenia,Rate,2017,16.625238634660526,19.617974966243278,13.73908707007753
Incidence,Aichi,Male,Age-standardized,Schizophrenia,Rate,2018,18.815385994041982,22.331189141484884,15.814028510531221
Incidence,Aichi,Female,Age-standardized,Schizophrenia,Rate,2018,16.401017767219148,19.223475635980822,13.798688004272783
Incidence,Aichi,Male,Age-standardized,Schizophrenia,Rate,2019,19.116221530927152,22.58334728297778,16.049229209069303
Incidence,Aichi,Female,Age-standardized,Schizophrenia,Rate,2019,15.904864365654394,18.756530911450263,13.381122648983826
Incidence,Kanagawa,Male,Age-standardized,Schizophrenia,Rate,1990,19.284266111672274,22.950420598680267,16.23516977262713
Incidence,Kanagawa,Female,Age-standardized,Schizophrenia,Rate,1990,16.124467700343313,19.05323362253992,13.540938439212828
Incidence,Kanagawa,Male,Age-standardized,Schizophrenia,Rate,1991,19.292233887424963,22.81537223581178,16.21221785739602
Incidence,Kanagawa,Female,Age-standardized,Schizophrenia,Rate,1991,16.079850317922546,19.02275192858587,13.510550923348827
Incidence,Kanagawa,Male,Age-standardized,Schizophrenia,Rate,1992,19.299545614567716,22.877293658783064,16.192879594422994
Incidence,Kanagawa,Female,Age-standardized,Schizophrenia,Rate,1992,16.04236536268025,18.957900143713054,13.426069735797437
Incidence,Kanagawa,Male,Age-standardized,Schizophrenia,Rate,1993,19.30570912158757,22.881751748005275,16.203414056225263
Incidence,Kanagawa,Female,Age-standardized,Schizophrenia,Rate,1993,16.013432245028497,18.97661287242271,13.333753330991353
Incidence,Kanagawa,Male,Age-standardized,Schizophrenia,Rate,1994,19.31023223697157,22.93606581380312,16.18847155524746
Incidence,Kanagawa,Female,Age-standardized,Schizophrenia,Rate,1994,15.994470375379366,18.950788394380822,13.244604746163844
Incidence,Kanagawa,Male,Age-standardized,Schizophrenia,Rate,1995,19.31262278920676,22.992012415510537,16.112168505260016
Incidence,Kanagawa,Female,Age-standardized,Schizophrenia,Rate,1995,15.986899164144933,18.931138835803964,13.184607354138658
Incidence,Kanagawa,Male,Age-standardized,Schizophrenia,Rate,1996,19.313400648933577,22.80805344023016,16.166516794949658
Incidence,Kanagawa,Female,Age-standardized,Schizophrenia,Rate,1996,15.991697325730284,18.921869207835226,13.214767811463055
Incidence,Kanagawa,Male,Age-standardized,Schizophrenia,Rate,1997,19.313636548394275,22.809526342572823,16.24735801677813
Incidence,Kanagawa,Female,Age-standardized,Schizophrenia,Rate,1997,16.005184458778416,18.96688203598962,13.248341599129105
Incidence,Kanagawa,Male,Age-standardized,Schizophrenia,Rate,1998,19.313664608478614,22.836449673948604,16.27252209714541
Incidence,Kanagawa,Female,Age-standardized,Schizophrenia,Rate,1998,16.021791300058286,18.95553750218192,13.302919313160604
Incidence,Kanagawa,Male,Age-standardized,Schizophrenia,Rate,1999,19.313818950076342,22.871195200895986,16.28165422055535
Incidence,Kanagawa,Female,Age-standardized,Schizophrenia,Rate,1999,16.035948586338844,18.932102053857154,13.286887730099004
Incidence,Kanagawa,Male,Age-standardized,Schizophrenia,Rate,2000,19.314433694077216,22.90861558749838,16.284609181819437
Incidence,Kanagawa,Female,Age-standardized,Schizophrenia,Rate,2000,16.042087054389032,18.956352745639936,13.269254336883426
Incidence,Kanagawa,Male,Age-standardized,Schizophrenia,Rate,2001,19.315820907840454,22.866806594677563,16.312329590694684
Incidence,Kanagawa,Female,Age-standardized,Schizophrenia,Rate,2001,16.04115258114462,18.865081080160977,13.316147225919957
Incidence,Kanagawa,Male,Age-standardized,Schizophrenia,Rate,2002,19.318347093890466,22.778699583361153,16.27212772093214
Incidence,Kanagawa,Female,Age-standardized,Schizophrenia,Rate,2002,16.038924323341377,18.907307080551966,13.333219838351884
Incidence,Kanagawa,Male,Age-standardized,Schizophrenia,Rate,2003,19.32242802586481,22.81644224903036,16.24858293384601
Incidence,Kanagawa,Female,Age-standardized,Schizophrenia,Rate,2003,16.037082937448247,19.066897044919962,13.34057482657816
Incidence,Kanagawa,Male,Age-standardized,Schizophrenia,Rate,2004,19.32847947740103,22.919248127310624,16.253266944790234
Incidence,Kanagawa,Female,Age-standardized,Schizophrenia,Rate,2004,16.037309079934207,19.209299663684618,13.327360836051046
Incidence,Kanagawa,Male,Age-standardized,Schizophrenia,Rate,2005,19.33691722213667,22.968348092463984,16.223747013003297
Incidence,Kanagawa,Female,Age-standardized,Schizophrenia,Rate,2005,16.04128340726821,19.395945257523724,13.323086116041052
Incidence,Kanagawa,Male,Age-standardized,Schizophrenia,Rate,2006,19.364949890901936,22.91938639993442,16.247935166908192
Incidence,Kanagawa,Female,Age-standardized,Schizophrenia,Rate,2006,16.08020217120074,19.307729460681216,13.398715230415986
Incidence,Kanagawa,Male,Age-standardized,Schizophrenia,Rate,2007,19.41840260773914,22.951753136388174,16.216588354805182
Incidence,Kanagawa,Female,Age-standardized,Schizophrenia,Rate,2007,16.166913821565245,19.340719083061977,13.537319905253735
Incidence,Kanagawa,Male,Age-standardized,Schizophrenia,Rate,2008,19.480615886103966,22.997354078279187,16.299842122833397
Incidence,Kanagawa,Female,Age-standardized,Schizophrenia,Rate,2008,16.275577311955157,19.356380914595295,13.587583320152262
Incidence,Kanagawa,Male,Age-standardized,Schizophrenia,Rate,2009,19.534930239452127,23.125829553419536,16.3481713812892
Incidence,Kanagawa,Female,Age-standardized,Schizophrenia,Rate,2009,16.380351595963898,19.372309338723916,13.609009858079881
Incidence,Kanagawa,Male,Age-standardized,Schizophrenia,Rate,2010,19.564686181239317,23.219588693068527,16.343206473164614
Incidence,Kanagawa,Female,Age-standardized,Schizophrenia,Rate,2010,16.4553956271849,19.4676944849803,13.639091926805177
Incidence,Kanagawa,Male,Age-standardized,Schizophrenia,Rate,2011,19.572961951467295,23.037438026221945,16.32443144867764
Incidence,Kanagawa,Female,Age-standardized,Schizophrenia,Rate,2011,16.503434584852997,19.479076352748805,13.712786266361372
Incidence,Kanagawa,Male,Age-standardized,Schizophrenia,Rate,2012,19.570281035381473,23.000772936081386,16.33208812828178
Incidence,Kanagawa,Female,Age-standardized,Schizophrenia,Rate,2012,16.545660960832095,19.553325248151136,13.868003397440926
Incidence,Kanagawa,Male,Age-standardized,Schizophrenia,Rate,2013,19.551151814303037,23.020836022259367,16.260971002516143
Incidence,Kanagawa,Female,Age-standardized,Schizophrenia,Rate,2013,16.583934677659215,19.564951475788238,13.868182325632423
Incidence,Kanagawa,Male,Age-standardized,Schizophrenia,Rate,2014,19.510082669553157,22.990337297978606,16.312966642334978
Incidence,Kanagawa,Female,Age-standardized,Schizophrenia,Rate,2014,16.620115657871384,19.753733675402387,13.929642279266083
Incidence,Kanagawa,Male,Age-standardized,Schizophrenia,Rate,2015,19.441581982453027,23.0845784317781,16.18372005006561
Incidence,Kanagawa,Female,Age-standardized,Schizophrenia,Rate,2015,16.65606382400562,19.789438439506096,13.934427759772786
Incidence,Kanagawa,Male,Age-standardized,Schizophrenia,Rate,2016,19.097502893276552,22.50585221268226,15.991482042457342
Incidence,Kanagawa,Female,Age-standardized,Schizophrenia,Rate,2016,16.65797134290693,19.69269549376041,14.00029174536327
Incidence,Kanagawa,Male,Age-standardized,Schizophrenia,Rate,2017,18.802797148758614,22.313208373643928,15.799417833163563
Incidence,Kanagawa,Female,Age-standardized,Schizophrenia,Rate,2017,16.63883765141423,19.849280381091504,13.771280921659024
Incidence,Kanagawa,Male,Age-standardized,Schizophrenia,Rate,2018,18.88415212189433,22.371332131527883,15.918139499554586
Incidence,Kanagawa,Female,Age-standardized,Schizophrenia,Rate,2018,16.417932678968484,19.425712454339095,13.688996794857175
Incidence,Kanagawa,Male,Age-standardized,Schizophrenia,Rate,2019,19.157792340395055,22.784013960939827,15.983637627697773
Incidence,Kanagawa,Female,Age-standardized,Schizophrenia,Rate,2019,15.93528330328894,18.82679381391713,13.289253564585255
Incidence,Kagawa,Male,Age-standardized,Schizophrenia,Rate,1990,19.23716186933605,22.808405656128354,16.19459982763386
Incidence,Kagawa,Female,Age-standardized,Schizophrenia,Rate,1990,16.059681307385834,18.981383587799456,13.540258598861394
Incidence,Kagawa,Male,Age-standardized,Schizophrenia,Rate,1991,19.27055160263887,22.899936337621494,16.215379847038307
Incidence,Kagawa,Female,Age-standardized,Schizophrenia,Rate,1991,16.037154444587713,18.947886960439615,13.54465080139456
Incidence,Kagawa,Male,Age-standardized,Schizophrenia,Rate,1992,19.295812179822207,22.951560525737634,16.238427758805777
Incidence,Kagawa,Female,Age-standardized,Schizophrenia,Rate,1992,16.01677416335619,18.892291356251896,13.472046298948252
Incidence,Kagawa,Male,Age-standardized,Schizophrenia,Rate,1993,19.313362308020803,22.983994987008508,16.224411361054397
Incidence,Kagawa,Female,Age-standardized,Schizophrenia,Rate,1993,16.000101186223777,18.826857161613297,13.363259772543337
Incidence,Kagawa,Male,Age-standardized,Schizophrenia,Rate,1994,19.32362069436939,22.990045079864647,16.17814405802558
Incidence,Kagawa,Female,Age-standardized,Schizophrenia,Rate,1994,15.98869623572301,18.80646858265216,13.30064243620659
Incidence,Kagawa,Male,Age-standardized,Schizophrenia,Rate,1995,19.327006046002694,22.966950059193326,16.118005341864976
Incidence,Kagawa,Female,Age-standardized,Schizophrenia,Rate,1995,15.98412003438641,18.85137013314888,13.246482806188771
Incidence,Kagawa,Male,Age-standardized,Schizophrenia,Rate,1996,19.31694841832745,22.835620864743575,16.12523708572387
Incidence,Kagawa,Female,Age-standardized,Schizophrenia,Rate,1996,15.981822344714592,18.77883470211708,13.335604732928909
Incidence,Kagawa,Male,Age-standardized,Schizophrenia,Rate,1997,19.292603540527782,22.824709592499474,16.03954059066123
Incidence,Kagawa,Female,Age-standardized,Schizophrenia,Rate,1997,15.977297844452343,18.83529849301454,13.440703578143891
Incidence,Kagawa,Male,Age-standardized,Schizophrenia,Rate,1998,19.262978630404582,22.762149615925182,16.027460071469175
Incidence,Kagawa,Female,Age-standardized,Schizophrenia,Rate,1998,15.972174628998447,18.949141848437424,13.431113195485793
Incidence,Kagawa,Male,Age-standardized,Schizophrenia,Rate,1999,19.237080905758724,22.762492620975586,16.02266769789467
Incidence,Kagawa,Female,Age-standardized,Schizophrenia,Rate,1999,15.968080793751698,19.075275432397426,13.33723254668041
Incidence,Kagawa,Male,Age-standardized,Schizophrenia,Rate,2000,19.223917584391092,22.73524120388436,16.04553672786611
Incidence,Kagawa,Female,Age-standardized,Schizophrenia,Rate,2000,15.96664443411087,19.128440904404812,13.295332774576314
Incidence,Kagawa,Male,Age-standardized,Schizophrenia,Rate,2001,19.22338386079414,22.754719509764268,15.997471865143645
Incidence,Kagawa,Female,Age-standardized,Schizophrenia,Rate,2001,15.973286053577635,19.086454534576237,13.439425414693229
Incidence,Kagawa,Male,Age-standardized,Schizophrenia,Rate,2002,19.22784000389318,22.80208172029614,16.106081837521693
Incidence,Kagawa,Female,Age-standardized,Schizophrenia,Rate,2002,15.989177662259529,19.059508842837925,13.543123378616887
Incidence,Kagawa,Male,Age-standardized,Schizophrenia,Rate,2003,19.23499084313842,22.791644369531216,16.158322934349886
Incidence,Kagawa,Female,Age-standardized,Schizophrenia,Rate,2003,16.00957461546417,19.094669855983437,13.56094511145664
Incidence,Kagawa,Male,Age-standardized,Schizophrenia,Rate,2004,19.242541207980025,22.91646419260683,16.15285852448534
Incidence,Kagawa,Female,Age-standardized,Schizophrenia,Rate,2004,16.02973226849917,19.021713878227253,13.545487729212764
Incidence,Kagawa,Male,Age-standardized,Schizophrenia,Rate,2005,19.248195927868196,23.001752713263038,16.1352181815557
Incidence,Kagawa,Female,Age-standardized,Schizophrenia,Rate,2005,16.044905976672144,18.9058560980761,13.487632769051851
Incidence,Kagawa,Male,Age-standardized,Schizophrenia,Rate,2006,19.261089710127372,22.899212974134965,16.171793932700403
Incidence,Kagawa,Female,Age-standardized,Schizophrenia,Rate,2006,16.090362717573402,18.93068293490133,13.500352608202693
Incidence,Kagawa,Male,Age-standardized,Schizophrenia,Rate,2007,19.286522800068678,22.834284182182806,16.164277829994685
Incidence,Kagawa,Female,Age-standardized,Schizophrenia,Rate,2007,16.184786460219005,19.001221478750164,13.64624396919942
Incidence,Kagawa,Male,Age-standardized,Schizophrenia,Rate,2008,19.316448334122335,22.922833966193465,16.194212607997056
Incidence,Kagawa,Female,Age-standardized,Schizophrenia,Rate,2008,16.298558047055135,19.09074806670222,13.744524255891966
Incidence,Kagawa,Male,Age-standardized,Schizophrenia,Rate,2009,19.34281944871855,23.065867658876527,16.26307377562286
Incidence,Kagawa,Female,Age-standardized,Schizophrenia,Rate,2009,16.402058320528003,19.352865998651815,13.788701714961995
Incidence,Kagawa,Male,Age-standardized,Schizophrenia,Rate,2010,19.357589280287545,23.17673437428989,16.18753058308278
Incidence,Kagawa,Female,Age-standardized,Schizophrenia,Rate,2010,16.46566812308381,19.410357441324233,13.803188529480671
Incidence,Kagawa,Male,Age-standardized,Schizophrenia,Rate,2011,19.368802603703745,22.9771146681865,16.306232002359476
Incidence,Kagawa,Female,Age-standardized,Schizophrenia,Rate,2011,16.494966206222088,19.437352615731445,13.790015293426151
Incidence,Kagawa,Male,Age-standardized,Schizophrenia,Rate,2012,19.383783945268604,22.92415433838973,16.325479716851188
Incidence,Kagawa,Female,Age-standardized,Schizophrenia,Rate,2012,16.51752677322586,19.413548571651997,13.828671559186224
Incidence,Kagawa,Male,Age-standardized,Schizophrenia,Rate,2013,19.393406068552864,22.865931648553257,16.338834119069787
Incidence,Kagawa,Female,Age-standardized,Schizophrenia,Rate,2013,16.53672384421657,19.48901516364723,13.854626358478288
Incidence,Kagawa,Male,Age-standardized,Schizophrenia,Rate,2014,19.38854173712728,22.83650787006354,16.2865754990373
Incidence,Kagawa,Female,Age-standardized,Schizophrenia,Rate,2014,16.55593143931565,19.612600622683356,13.809351761471799
Incidence,Kagawa,Male,Age-standardized,Schizophrenia,Rate,2015,19.36006371456259,22.852668364632137,16.211301076415452
Incidence,Kagawa,Female,Age-standardized,Schizophrenia,Rate,2015,16.578523578644536,19.672576218160717,13.797023132046935
Incidence,Kagawa,Male,Age-standardized,Schizophrenia,Rate,2016,19.073783292779325,22.636698628991013,16.03966068426647
Incidence,Kagawa,Female,Age-standardized,Schizophrenia,Rate,2016,16.58756172038147,19.620170311303976,13.952666326719651
Incidence,Kagawa,Male,Age-standardized,Schizophrenia,Rate,2017,18.80222918348488,22.425333101835054,15.779218496451428
Incidence,Kagawa,Female,Age-standardized,Schizophrenia,Rate,2017,16.581960303083925,19.579785188677214,13.960884730702551
Incidence,Kagawa,Male,Age-standardized,Schizophrenia,Rate,2018,18.856559720589328,22.213103325693282,15.796139125317293
Incidence,Kagawa,Female,Age-standardized,Schizophrenia,Rate,2018,16.363480496285806,19.37022549151059,13.786847501759842
Incidence,Kagawa,Male,Age-standardized,Schizophrenia,Rate,2019,19.065265746278282,22.51151790858909,15.920169522088523
Incidence,Kagawa,Female,Age-standardized,Schizophrenia,Rate,2019,15.88459925297706,18.836299828289953,13.282310845328391
Incidence,Kumamoto,Male,Age-standardized,Schizophrenia,Rate,1990,19.323100729795744,22.962875732695615,16.123149947394467
Incidence,Kumamoto,Female,Age-standardized,Schizophrenia,Rate,1990,16.094113238700082,19.050803784109714,13.450667388425057
Incidence,Kumamoto,Male,Age-standardized,Schizophrenia,Rate,1991,19.34012779303061,22.945885579244088,16.13794174765214
Incidence,Kumamoto,Female,Age-standardized,Schizophrenia,Rate,1991,16.02933470121151,18.88836693674982,13.483244558446893
Incidence,Kumamoto,Male,Age-standardized,Schizophrenia,Rate,1992,19.35298775483233,23.023439192653495,16.20579436783569
Incidence,Kumamoto,Female,Age-standardized,Schizophrenia,Rate,1992,15.9755426532098,18.762005541451202,13.478596707310988
Incidence,Kumamoto,Male,Age-standardized,Schizophrenia,Rate,1993,19.361862421080247,23.03049470025465,16.321699667429684
Incidence,Kumamoto,Female,Age-standardized,Schizophrenia,Rate,1993,15.934297762774984,18.721961169831694,13.433105966046256
Incidence,Kumamoto,Male,Age-standardized,Schizophrenia,Rate,1994,19.36693359765372,23.087463280227684,16.303797423401193
Incidence,Kumamoto,Female,Age-standardized,Schizophrenia,Rate,1994,15.907160697987111,18.699111203636786,13.370404357161243
Incidence,Kumamoto,Male,Age-standardized,Schizophrenia,Rate,1995,19.368383090432097,23.06632171508511,16.264651716046362
Incidence,Kumamoto,Female,Age-standardized,Schizophrenia,Rate,1995,15.895692126926214,18.762214729481368,13.36229742048203
Incidence,Kumamoto,Male,Age-standardized,Schizophrenia,Rate,1996,19.36268876024087,23.06482058297067,16.33955677798314
Incidence,Kumamoto,Female,Age-standardized,Schizophrenia,Rate,1996,15.903613107567795,18.70472974193886,13.408010842353232
Incidence,Kumamoto,Male,Age-standardized,Schizophrenia,Rate,1997,19.349275809426853,23.068786269785797,16.249894207574474
Incidence,Kumamoto,Female,Age-standardized,Schizophrenia,Rate,1997,15.927402426415178,18.70335936537635,13.476111576520116
Incidence,Kumamoto,Male,Age-standardized,Schizophrenia,Rate,1998,19.332747056151366,23.03994877886479,16.296636680089055
Incidence,Kumamoto,Female,Age-standardized,Schizophrenia,Rate,1998,15.957757344340184,18.7223858319559,13.465616633592521
Incidence,Kumamoto,Male,Age-standardized,Schizophrenia,Rate,1999,19.317705318575754,22.935333603518863,16.20344969470881
Incidence,Kumamoto,Female,Age-standardized,Schizophrenia,Rate,1999,15.98537512221463,18.76143308151626,13.402397762607725
Incidence,Kumamoto,Male,Age-standardized,Schizophrenia,Rate,2000,19.308753414861346,22.94002917676836,16.10141755268587
Incidence,Kumamoto,Female,Age-standardized,Schizophrenia,Rate,2000,16.000953020910327,18.786929347408137,13.301364509787978
Incidence,Kumamoto,Male,Age-standardized,Schizophrenia,Rate,2001,19.30167289154148,22.878878787214745,16.1377497974993
Incidence,Kumamoto,Female,Age-standardized,Schizophrenia,Rate,2001,16.006110098361184,18.788155316416752,13.42310045108804
Incidence,Kumamoto,Male,Age-standardized,Schizophrenia,Rate,2002,19.291928647442266,22.953639399334808,16.222289396962147
Incidence,Kumamoto,Female,Age-standardized,Schizophrenia,Rate,2002,16.00992402085405,18.82811164120929,13.393634809314825
Incidence,Kumamoto,Male,Age-standardized,Schizophrenia,Rate,2003,19.283648529164207,23.035424841242655,16.29089966063271
Incidence,Kumamoto,Female,Age-standardized,Schizophrenia,Rate,2003,16.014279961790134,18.90577437376045,13.435790105392018
Incidence,Kumamoto,Male,Age-standardized,Schizophrenia,Rate,2004,19.280960383307796,23.12672444240502,16.1969938824702
Incidence,Kumamoto,Female,Age-standardized,Schizophrenia,Rate,2004,16.02106309457066,18.959858235213844,13.471580007603473
Incidence,Kumamoto,Male,Age-standardized,Schizophrenia,Rate,2005,19.287992056473534,23.19974401856151,16.151593560355693
Incidence,Kumamoto,Female,Age-standardized,Schizophrenia,Rate,2005,16.03215859259684,19.01101557022093,13.450622642377969
Incidence,Kumamoto,Male,Age-standardized,Schizophrenia,Rate,2006,19.316732733911557,23.148318680279324,16.2391203274346
Incidence,Kumamoto,Female,Age-standardized,Schizophrenia,Rate,2006,16.080302754747684,19.02187569926321,13.53505500906485
Incidence,Kumamoto,Male,Age-standardized,Schizophrenia,Rate,2007,19.366844356475113,23.133774536040995,16.33851334426788
Incidence,Kumamoto,Female,Age-standardized,Schizophrenia,Rate,2007,16.17753835054622,19.08439953906364,13.695179129887352
Incidence,Kumamoto,Male,Age-standardized,Schizophrenia,Rate,2008,19.423963904169316,23.24641577781177,16.38756945063698
Incidence,Kumamoto,Female,Age-standardized,Schizophrenia,Rate,2008,16.294710259359675,19.171392376535916,13.82203476413302
Incidence,Kumamoto,Male,Age-standardized,Schizophrenia,Rate,2009,19.473728356999302,23.22797986307534,16.38731188373038
Incidence,Kumamoto,Female,Age-standardized,Schizophrenia,Rate,2009,16.402663360555273,19.380412392431555,13.897724047067147
Incidence,Kumamoto,Male,Age-standardized,Schizophrenia,Rate,2010,19.50177469497019,23.201619056123924,16.30136435402035
Incidence,Kumamoto,Female,Age-standardized,Schizophrenia,Rate,2010,16.472242533500243,19.523842336840072,13.95247930924305
Incidence,Kumamoto,Male,Age-standardized,Schizophrenia,Rate,2011,19.515407813743362,23.019236308877773,16.384161590906928
Incidence,Kumamoto,Female,Age-standardized,Schizophrenia,Rate,2011,16.509647844233733,19.54536144015377,14.043319853439243
Incidence,Kumamoto,Male,Age-standardized,Schizophrenia,Rate,2012,19.52559801266327,23.07521797211883,16.44230642876344
Incidence,Kumamoto,Female,Age-standardized,Schizophrenia,Rate,2012,16.54183239178296,19.492048751890604,14.04752361881821
Incidence,Kumamoto,Male,Age-standardized,Schizophrenia,Rate,2013,19.523480377259666,23.1024871142142,16.399238808445386
Incidence,Kumamoto,Female,Age-standardized,Schizophrenia,Rate,2013,16.570770604997268,19.53206032104784,14.060300936342852
Incidence,Kumamoto,Male,Age-standardized,Schizophrenia,Rate,2014,19.5001899930623,23.071463247495206,16.35055740563798
Incidence,Kumamoto,Female,Age-standardized,Schizophrenia,Rate,2014,16.59843691272599,19.59365107702799,14.01548309118221
Incidence,Kumamoto,Male,Age-standardized,Schizophrenia,Rate,2015,19.446861945600926,23.1214594304048,16.34009177873852
Incidence,Kumamoto,Female,Age-standardized,Schizophrenia,Rate,2015,16.62680574381847,19.670746032987136,13.919721578064175
Incidence,Kumamoto,Male,Age-standardized,Schizophrenia,Rate,2016,19.113170794693648,22.52737912499025,16.113904874158145
Incidence,Kumamoto,Female,Age-standardized,Schizophrenia,Rate,2016,16.64095907890045,19.599737154740883,13.971147998032558
Incidence,Kumamoto,Male,Age-standardized,Schizophrenia,Rate,2017,18.822466225866567,22.39534520219956,15.779265038040535
Incidence,Kumamoto,Female,Age-standardized,Schizophrenia,Rate,2017,16.633791230745178,19.797060082909834,13.83503777469836
Incidence,Kumamoto,Male,Age-standardized,Schizophrenia,Rate,2018,18.90756234141865,22.41512194863187,15.854648299708176
Incidence,Kumamoto,Female,Age-standardized,Schizophrenia,Rate,2018,16.42007831047553,19.483674514001724,13.788706367059103
Incidence,Kumamoto,Male,Age-standardized,Schizophrenia,Rate,2019,19.18468562347796,22.816811309067763,15.96359490175217
Incidence,Kumamoto,Female,Age-standardized,Schizophrenia,Rate,2019,15.959019560763329,18.90934058986066,13.287952408269003
Incidence,Kyōto,Male,Age-standardized,Schizophrenia,Rate,1990,19.36812762873368,23.015835507687303,16.25036999979003
Incidence,Kyōto,Female,Age-standardized,Schizophrenia,Rate,1990,16.05742646401898,19.00784465050969,13.412060046418949
Incidence,Kyōto,Male,Age-standardized,Schizophrenia,Rate,1991,19.38423815297371,23.0136317645389,16.30471565901012
Incidence,Kyōto,Female,Age-standardized,Schizophrenia,Rate,1991,16.03766795485749,18.904394258059835,13.421205493474757
Incidence,Kyōto,Male,Age-standardized,Schizophrenia,Rate,1992,19.395691730707266,23.03143359290724,16.390948192262456
Incidence,Kyōto,Female,Age-standardized,Schizophrenia,Rate,1992,16.020258771112733,18.85123437540762,13.44592960702839
Incidence,Kyōto,Male,Age-standardized,Schizophrenia,Rate,1993,19.402393595828062,23.110677416800982,16.37261831594448
Incidence,Kyōto,Female,Age-standardized,Schizophrenia,Rate,1993,16.00621984704263,18.902273487537478,13.38822941151948
Incidence,Kyōto,Male,Age-standardized,Schizophrenia,Rate,1994,19.404248982229788,23.017846695097244,16.30147507918829
Incidence,Kyōto,Female,Age-standardized,Schizophrenia,Rate,1994,15.996572116905108,18.950086444603574,13.34699855169766
Incidence,Kyōto,Male,Age-standardized,Schizophrenia,Rate,1995,19.401163123806164,22.949809667816922,16.260392171991093
Incidence,Kyōto,Female,Age-standardized,Schizophrenia,Rate,1995,15.992336514958097,18.99588180821305,13.307458407699663
Incidence,Kyōto,Male,Age-standardized,Schizophrenia,Rate,1996,19.388523454034065,23.016291742627402,16.27852249014753
Incidence,Kyōto,Female,Age-standardized,Schizophrenia,Rate,1996,15.991998428698041,18.959328021137065,13.354766357798136
Incidence,Kyōto,Male,Age-standardized,Schizophrenia,Rate,1997,19.366247812870032,23.0845576482286,16.24007663800771
Incidence,Kyōto,Female,Age-standardized,Schizophrenia,Rate,1997,15.99295611113181,18.92283118338121,13.397071803385971
Incidence,Kyōto,Male,Age-standardized,Schizophrenia,Rate,1998,19.341037043927308,23.05570862922288,16.12816932977893
Incidence,Kyōto,Female,Age-standardized,Schizophrenia,Rate,1998,15.99459979478301,18.907350917089392,13.40766023209248
Incidence,Kyōto,Male,Age-standardized,Schizophrenia,Rate,1999,19.31959199081912,23.318878988947684,16.081991862229877
Incidence,Kyōto,Female,Age-standardized,Schizophrenia,Rate,1999,15.996319712175227,18.947251173441643,13.432865719274512
Incidence,Kyōto,Male,Age-standardized,Schizophrenia,Rate,2000,19.3086134971587,23.217894522661716,16.05217378657104
Incidence,Kyōto,Female,Age-standardized,Schizophrenia,Rate,2000,15.997506095832053,18.981155610003366,13.378495289391017
Incidence,Kyōto,Male,Age-standardized,Schizophrenia,Rate,2001,19.305715696784898,23.05960511164395,16.001779918008275
Incidence,Kyōto,Female,Age-standardized,Schizophrenia,Rate,2001,15.995645909821045,18.93644912489408,13.428271865213885
Incidence,Kyōto,Male,Age-standardized,Schizophrenia,Rate,2002,19.304201489966896,22.988950678647697,16.147709344373016
Incidence,Kyōto,Female,Age-standardized,Schizophrenia,Rate,2002,15.990924742699875,18.917714578852046,13.47149561411436
Incidence,Kyōto,Male,Age-standardized,Schizophrenia,Rate,2003,19.30430486996347,23.032489403427324,16.09789034738258
Incidence,Kyōto,Female,Age-standardized,Schizophrenia,Rate,2003,15.986780763727337,18.90979948701052,13.481465619433969
Incidence,Kyōto,Male,Age-standardized,Schizophrenia,Rate,2004,19.30625983003338,22.8962873209786,16.13378532914282
Incidence,Kyōto,Female,Age-standardized,Schizophrenia,Rate,2004,15.986652142162217,18.94605882004416,13.43176601729797
Incidence,Kyōto,Male,Age-standardized,Schizophrenia,Rate,2005,19.310300363435392,23.02423556083637,16.055708233659995
Incidence,Kyōto,Female,Age-standardized,Schizophrenia,Rate,2005,15.993977047263302,19.015215784640066,13.386076830224622
Incidence,Kyōto,Male,Age-standardized,Schizophrenia,Rate,2006,19.32486386659415,22.936349983539305,16.20558644188393
Incidence,Kyōto,Female,Age-standardized,Schizophrenia,Rate,2006,16.04281392066972,19.001866667463094,13.499466057334466
Incidence,Kyōto,Male,Age-standardized,Schizophrenia,Rate,2007,19.35288061562979,22.8748669417084,16.238142921421055
Incidence,Kyōto,Female,Age-standardized,Schizophrenia,Rate,2007,16.143783402483365,19.10606047652321,13.607291643719465
Incidence,Kyōto,Male,Age-standardized,Schizophrenia,Rate,2008,19.386323923344293,23.123712943235553,16.261307123258703
Incidence,Kyōto,Female,Age-standardized,Schizophrenia,Rate,2008,16.26516695965717,19.16931255862613,13.688443358294265
Incidence,Kyōto,Male,Age-standardized,Schizophrenia,Rate,2009,19.41716710253965,23.244067028261025,16.26216459699175
Incidence,Kyōto,Female,Age-standardized,Schizophrenia,Rate,2009,16.37524605914408,19.24978417358718,13.747354948445158
Incidence,Kyōto,Male,Age-standardized,Schizophrenia,Rate,2010,19.437383466017845,23.493758653456556,16.27288822562907
Incidence,Kyōto,Female,Age-standardized,Schizophrenia,Rate,2010,16.442302167897026,19.266587132534177,13.73979112822447
Incidence,Kyōto,Male,Age-standardized,Schizophrenia,Rate,2011,19.45513968007568,23.38945010120233,16.270675613262345
Incidence,Kyōto,Female,Age-standardized,Schizophrenia,Rate,2011,16.47658942465051,19.310946121740855,13.862077380471199
Incidence,Kyōto,Male,Age-standardized,Schizophrenia,Rate,2012,19.47710955820316,23.21422884723485,16.30526271347948
Incidence,Kyōto,Female,Age-standardized,Schizophrenia,Rate,2012,16.50909022240877,19.431754429971733,13.89735728536519
Incidence,Kyōto,Male,Age-standardized,Schizophrenia,Rate,2013,19.49302713399208,23.18872021704426,16.390795632121154
Incidence,Kyōto,Female,Age-standardized,Schizophrenia,Rate,2013,16.53917840952936,19.566990296565933,13.938775543678894
Incidence,Kyōto,Male,Age-standardized,Schizophrenia,Rate,2014,19.492626441034243,23.14133126141387,16.360309210159816
Incidence,Kyōto,Female,Age-standardized,Schizophrenia,Rate,2014,16.566227834369833,19.60312456360397,13.984726863451614
Incidence,Kyōto,Male,Age-standardized,Schizophrenia,Rate,2015,19.465641512921444,23.253393884841007,16.356977132344593
Incidence,Kyōto,Female,Age-standardized,Schizophrenia,Rate,2015,16.589612345287748,19.655045225145592,13.968983131698907
Incidence,Kyōto,Male,Age-standardized,Schizophrenia,Rate,2016,19.130038157685657,22.750357146234702,16.144355199066062
Incidence,Kyōto,Female,Age-standardized,Schizophrenia,Rate,2016,16.59815617516599,19.46149763084078,13.99270110485569
Incidence,Kyōto,Male,Age-standardized,Schizophrenia,Rate,2017,18.82380597116561,22.574247286723455,15.731180883938046
Incidence,Kyōto,Female,Age-standardized,Schizophrenia,Rate,2017,16.595945843560276,19.610101462845364,13.86305554631215
Incidence,Kyōto,Male,Age-standardized,Schizophrenia,Rate,2018,18.914371004326025,22.441926412033354,16.01945556265547
Incidence,Kyōto,Female,Age-standardized,Schizophrenia,Rate,2018,16.393168403153023,19.38953907620086,13.759925258667645
Incidence,Kyōto,Male,Age-standardized,Schizophrenia,Rate,2019,19.210012780296452,22.91759493256751,16.161986558718535
Incidence,Kyōto,Female,Age-standardized,Schizophrenia,Rate,2019,15.942232903617718,18.95707077493241,13.340513782364344
Incidence,Fukuoka,Male,Age-standardized,Schizophrenia,Rate,1990,19.290543639676738,23.067728752086225,16.039683609555482
Incidence,Fukuoka,Female,Age-standardized,Schizophrenia,Rate,1990,16.06582263165536,19.064811322489998,13.447892332985823
Incidence,Fukuoka,Male,Age-standardized,Schizophrenia,Rate,1991,19.33035213124472,23.14004407712065,16.11412719762224
Incidence,Fukuoka,Female,Age-standardized,Schizophrenia,Rate,1991,16.050173382558732,19.105469968830192,13.480714093226382
Incidence,Fukuoka,Male,Age-standardized,Schizophrenia,Rate,1992,19.3623524308976,22.991544599540124,16.154779633788372
Incidence,Fukuoka,Female,Age-standardized,Schizophrenia,Rate,1992,16.034855684390973,18.995280984504802,13.507087786646265
Incidence,Fukuoka,Male,Age-standardized,Schizophrenia,Rate,1993,19.385902973844637,23.079543288332786,16.23500775640529
Incidence,Fukuoka,Female,Age-standardized,Schizophrenia,Rate,1993,16.021257546975626,19.04192201720577,13.468938772985654
Incidence,Fukuoka,Male,Age-standardized,Schizophrenia,Rate,1994,19.400362195295084,22.992632521242268,16.183685739608563
Incidence,Fukuoka,Female,Age-standardized,Schizophrenia,Rate,1994,16.010766980136232,19.09703772275695,13.463914269853374
Incidence,Fukuoka,Male,Age-standardized,Schizophrenia,Rate,1995,19.405088530458187,23.087290103176894,16.136302698755593
Incidence,Fukuoka,Female,Age-standardized,Schizophrenia,Rate,1995,16.004771993696327,19.030615029505434,13.432392754602416
Incidence,Fukuoka,Male,Age-standardized,Schizophrenia,Rate,1996,19.396455287237472,23.009881980050082,16.20648733375481
Incidence,Fukuoka,Female,Age-standardized,Schizophrenia,Rate,1996,15.998284325840578,19.021509994235373,13.3799665145379
Incidence,Fukuoka,Male,Age-standardized,Schizophrenia,Rate,1997,19.375827988378838,22.919082169939816,16.250509565831237
Incidence,Fukuoka,Female,Age-standardized,Schizophrenia,Rate,1997,15.987627541500395,19.023157091727853,13.365914914951853
Incidence,Fukuoka,Male,Age-standardized,Schizophrenia,Rate,1998,19.3500533913551,23.011766288378812,16.2363296032359
Incidence,Fukuoka,Female,Age-standardized,Schizophrenia,Rate,1998,15.976157390619402,18.936616946080893,13.369681789187824
Incidence,Fukuoka,Male,Age-standardized,Schizophrenia,Rate,1999,19.325978253639075,23.095237052287693,16.210963824021004
Incidence,Fukuoka,Female,Age-standardized,Schizophrenia,Rate,1999,15.967229623141245,18.83729163853574,13.336921736803157
Incidence,Fukuoka,Male,Age-standardized,Schizophrenia,Rate,2000,19.31044933270359,23.134809333230848,16.17348992313492
Incidence,Fukuoka,Female,Age-standardized,Schizophrenia,Rate,2000,15.96419998900955,18.889124891058646,13.270914247348259
Incidence,Fukuoka,Male,Age-standardized,Schizophrenia,Rate,2001,19.302307428272886,23.03562780080668,16.183139011719195
Incidence,Fukuoka,Female,Age-standardized,Schizophrenia,Rate,2001,15.968503189521657,18.797313164870275,13.350522844049639
Incidence,Fukuoka,Male,Age-standardized,Schizophrenia,Rate,2002,19.29603763373015,22.905463092015076,16.23089174812623
Incidence,Fukuoka,Female,Age-standardized,Schizophrenia,Rate,2002,15.97812554001554,18.78058973969246,13.380836831452829
Incidence,Fukuoka,Male,Age-standardized,Schizophrenia,Rate,2003,19.291953147036583,22.802504059442168,16.262767293344023
Incidence,Fukuoka,Female,Age-standardized,Schizophrenia,Rate,2003,15.991250211495789,18.90720629114618,13.403819743693866
Incidence,Fukuoka,Male,Age-standardized,Schizophrenia,Rate,2004,19.29036716615341,22.848433000879464,16.272737117070413
Incidence,Fukuoka,Female,Age-standardized,Schizophrenia,Rate,2004,16.006060374966985,18.91557810729578,13.430832028330965
Incidence,Fukuoka,Male,Age-standardized,Schizophrenia,Rate,2005,19.29159288904183,22.893603515134814,16.30350843860195
Incidence,Fukuoka,Female,Age-standardized,Schizophrenia,Rate,2005,16.02073920143372,18.95706208269383,13.412532719955049
Incidence,Fukuoka,Male,Age-standardized,Schizophrenia,Rate,2006,19.30648136934013,22.7927566388634,16.336624261338688
Incidence,Fukuoka,Female,Age-standardized,Schizophrenia,Rate,2006,16.072033114964896,18.98319321835168,13.504215561989595
Incidence,Fukuoka,Male,Age-standardized,Schizophrenia,Rate,2007,19.33879553091683,22.75029795874158,16.297762525635648
Incidence,Fukuoka,Female,Age-standardized,Schizophrenia,Rate,2007,16.176400902951457,19.10813868860947,13.645520597857999
Incidence,Fukuoka,Male,Age-standardized,Schizophrenia,Rate,2008,19.378216377078513,22.76399944539619,16.28550378573021
Incidence,Fukuoka,Female,Age-standardized,Schizophrenia,Rate,2008,16.30159428138109,19.26571233412664,13.800081859797688
Incidence,Fukuoka,Male,Age-standardized,Schizophrenia,Rate,2009,19.414424911131757,22.83321436074962,16.320353793941564
Incidence,Fukuoka,Female,Age-standardized,Schizophrenia,Rate,2009,16.41536496624147,19.412509730408622,13.9395123889223
Incidence,Fukuoka,Male,Age-standardized,Schizophrenia,Rate,2010,19.437102136383146,23.06767157824803,16.260880875793823
Incidence,Fukuoka,Female,Age-standardized,Schizophrenia,Rate,2010,16.485464673520273,19.553477969537997,13.913042618120365
Incidence,Fukuoka,Male,Age-standardized,Schizophrenia,Rate,2011,19.449275183175434,22.941457174607297,16.306646742466334
Incidence,Fukuoka,Female,Age-standardized,Schizophrenia,Rate,2011,16.519112800811502,19.476743717069297,13.92042760033763
Incidence,Fukuoka,Male,Age-standardized,Schizophrenia,Rate,2012,19.45694296199049,22.926088179641884,16.39064060451317
Incidence,Fukuoka,Female,Age-standardized,Schizophrenia,Rate,2012,16.546341668761034,19.402418742003707,13.963781172888039
Incidence,Fukuoka,Male,Age-standardized,Schizophrenia,Rate,2013,19.454244146343513,22.994917193708414,16.39070381014713
Incidence,Fukuoka,Female,Age-standardized,Schizophrenia,Rate,2013,16.569122377934363,19.38712377460752,13.94289161730878
Incidence,Fukuoka,Male,Age-standardized,Schizophrenia,Rate,2014,19.435317409749732,23.186711143939522,16.344456950613495
Incidence,Fukuoka,Female,Age-standardized,Schizophrenia,Rate,2014,16.589426028897,19.39118772506782,13.973987044985604
Incidence,Fukuoka,Male,Age-standardized,Schizophrenia,Rate,2015,19.394301425724368,23.288168784383878,16.181017092379236
Incidence,Fukuoka,Female,Age-standardized,Schizophrenia,Rate,2015,16.609223722214452,19.41494881909973,13.920881724850627
Incidence,Fukuoka,Male,Age-standardized,Schizophrenia,Rate,2016,19.091486822119556,22.57434009586895,16.036736998617076
Incidence,Fukuoka,Female,Age-standardized,Schizophrenia,Rate,2016,16.596154854803462,19.484310375905853,13.987210802653136
Incidence,Fukuoka,Male,Age-standardized,Schizophrenia,Rate,2017,18.80430746421024,22.195355698780933,15.609857828718438
Incidence,Fukuoka,Female,Age-standardized,Schizophrenia,Rate,2017,16.570967518589626,19.66972090574222,13.78990372869832
Incidence,Fukuoka,Male,Age-standardized,Schizophrenia,Rate,2018,18.869713063749455,22.392075341202666,15.788979499574202
Incidence,Fukuoka,Female,Age-standardized,Schizophrenia,Rate,2018,16.36167714216722,19.330396269623694,13.76615806086233
Incidence,Fukuoka,Male,Age-standardized,Schizophrenia,Rate,2019,19.12933821745716,22.93831890387416,15.887605845243396
Incidence,Fukuoka,Female,Age-standardized,Schizophrenia,Rate,2019,15.909164380697764,18.826999892716493,13.354860931819912
Incidence,Chiba,Male,Age-standardized,Schizophrenia,Rate,1990,19.34788496939601,22.80696847879673,15.94643238073428
Incidence,Chiba,Female,Age-standardized,Schizophrenia,Rate,1990,16.116529228646943,19.04847683254546,13.491283085027838
Incidence,Chiba,Male,Age-standardized,Schizophrenia,Rate,1991,19.357208309638455,22.743729334885312,16.03433019752611
Incidence,Chiba,Female,Age-standardized,Schizophrenia,Rate,1991,16.080722681368727,19.080866883546452,13.519102171833506
Incidence,Chiba,Male,Age-standardized,Schizophrenia,Rate,1992,19.36279812646445,22.752326588295603,16.070033915182727
Incidence,Chiba,Female,Age-standardized,Schizophrenia,Rate,1992,16.048693952018372,19.057086759974425,13.497260396541256
Incidence,Chiba,Male,Age-standardized,Schizophrenia,Rate,1993,19.36512956943873,22.92116454304118,16.110305221382855
Incidence,Chiba,Female,Age-standardized,Schizophrenia,Rate,1993,16.02199484654718,19.04272039201397,13.508767439402147
Incidence,Chiba,Male,Age-standardized,Schizophrenia,Rate,1994,19.36467778812597,23.023903608443813,16.111034807186645
Incidence,Chiba,Female,Age-standardized,Schizophrenia,Rate,1994,16.00217717090648,19.115332464162574,13.440820053618936
Incidence,Chiba,Male,Age-standardized,Schizophrenia,Rate,1995,19.361917932090893,23.129482882362986,16.03738174719141
Incidence,Chiba,Female,Age-standardized,Schizophrenia,Rate,1995,15.990792731047588,19.22624998208248,13.35344355872146
Incidence,Chiba,Male,Age-standardized,Schizophrenia,Rate,1996,19.3495384256466,23.112348267199017,16.168884800444758
Incidence,Chiba,Female,Age-standardized,Schizophrenia,Rate,1996,15.983595164615428,19.110867621731803,13.396795670490045
Incidence,Chiba,Male,Age-standardized,Schizophrenia,Rate,1997,19.32540600058214,23.039803808856767,16.173734637241125
Incidence,Chiba,Female,Age-standardized,Schizophrenia,Rate,1997,15.976121483922443,19.039324955640403,13.453129597065473
Incidence,Chiba,Male,Age-standardized,Schizophrenia,Rate,1998,19.29776326767616,23.01876318518284,16.141294625999407
Incidence,Chiba,Female,Age-standardized,Schizophrenia,Rate,1998,15.969598556921216,18.94470089361023,13.408679370921075
Incidence,Chiba,Male,Age-standardized,Schizophrenia,Rate,1999,19.2748528377073,22.949567512713337,16.054138341622362
Incidence,Chiba,Female,Age-standardized,Schizophrenia,Rate,1999,15.965253251564333,19.00936578193726,13.40868229039793
Incidence,Chiba,Male,Age-standardized,Schizophrenia,Rate,2000,19.264917321454195,23.068032326831187,15.956432413924752
Incidence,Chiba,Female,Age-standardized,Schizophrenia,Rate,2000,15.964312435804382,18.940578675779246,13.408264211725026
Incidence,Chiba,Male,Age-standardized,Schizophrenia,Rate,2001,19.270963045642933,22.95134615372279,16.090507041891936
Incidence,Chiba,Female,Age-standardized,Schizophrenia,Rate,2001,15.971284296341715,18.855405875696313,13.388869373378267
Incidence,Chiba,Male,Age-standardized,Schizophrenia,Rate,2002,19.28741622897444,23.00932390182506,16.176662104121764
Incidence,Chiba,Female,Age-standardized,Schizophrenia,Rate,2002,15.987156062117165,18.77358024387745,13.458270529001105
Incidence,Chiba,Male,Age-standardized,Schizophrenia,Rate,2003,19.30964932018966,23.0123723405381,16.170540910878042
Incidence,Chiba,Female,Age-standardized,Schizophrenia,Rate,2003,16.00787316444406,18.848780349490152,13.483523959894912
Incidence,Chiba,Male,Age-standardized,Schizophrenia,Rate,2004,19.333034768029513,23.153176040745734,16.198086095004065
Incidence,Chiba,Female,Age-standardized,Schizophrenia,Rate,2004,16.029381034635723,18.96152372127296,13.50521688909222
Incidence,Chiba,Male,Age-standardized,Schizophrenia,Rate,2005,19.35294502123493,23.255363345974775,16.143724268314557
Incidence,Chiba,Female,Age-standardized,Schizophrenia,Rate,2005,16.047625104005473,18.9526525465292,13.47168428078675
Incidence,Chiba,Male,Age-standardized,Schizophrenia,Rate,2006,19.379687314216703,23.2047765758545,16.253010237168628
Incidence,Chiba,Female,Age-standardized,Schizophrenia,Rate,2006,16.09762556435578,19.058437547287276,13.454051317524579
Incidence,Chiba,Male,Age-standardized,Schizophrenia,Rate,2007,19.42028520586978,23.16325231975163,16.414027956270104
Incidence,Chiba,Female,Age-standardized,Schizophrenia,Rate,2007,16.196799292351855,19.08463810587663,13.628239933084286
Incidence,Chiba,Male,Age-standardized,Schizophrenia,Rate,2008,19.465185631661342,23.163588660044365,16.467370948914134
Incidence,Chiba,Female,Age-standardized,Schizophrenia,Rate,2008,16.31468674660109,19.13649257324747,13.663947154775384
Incidence,Chiba,Male,Age-standardized,Schizophrenia,Rate,2009,19.50483552705855,23.221585751245392,16.472888331254513
Incidence,Chiba,Female,Age-standardized,Schizophrenia,Rate,2009,16.420828385710912,19.294349519742852,13.602398639001466
Incidence,Chiba,Male,Age-standardized,Schizophrenia,Rate,2010,19.52968182752858,23.378593807985183,16.391206824700056
Incidence,Chiba,Female,Age-standardized,Schizophrenia,Rate,2010,16.484764668288708,19.483736231537556,13.661806844356768
Incidence,Chiba,Male,Age-standardized,Schizophrenia,Rate,2011,19.538802841373247,23.169760625990662,16.529585609876733
Incidence,Chiba,Female,Age-standardized,Schizophrenia,Rate,2011,16.519439230282845,19.459385052743574,13.713091040491385
Incidence,Chiba,Male,Age-standardized,Schizophrenia,Rate,2012,19.53625470068778,23.098612493601166,16.480576313140272
Incidence,Chiba,Female,Age-standardized,Schizophrenia,Rate,2012,16.555760410670352,19.495791838130295,13.793977954814624
Incidence,Chiba,Male,Age-standardized,Schizophrenia,Rate,2013,19.5199510766295,22.95933779888355,16.48221342700826
Incidence,Chiba,Female,Age-standardized,Schizophrenia,Rate,2013,16.59021572260166,19.539792660414125,13.776749299993332
Incidence,Chiba,Male,Age-standardized,Schizophrenia,Rate,2014,19.487805640355724,23.017665011983407,16.39008086606716
Incidence,Chiba,Female,Age-standardized,Schizophrenia,Rate,2014,16.619292679227197,19.654386822025717,13.80074638802331
Incidence,Chiba,Male,Age-standardized,Schizophrenia,Rate,2015,19.437732063023777,23.044487348105324,16.34092880948967
Incidence,Chiba,Female,Age-standardized,Schizophrenia,Rate,2015,16.639478793697407,19.693945492378145,13.76365760668668
Incidence,Chiba,Male,Age-standardized,Schizophrenia,Rate,2016,19.15146014772414,22.669417979066242,16.14385066672402
Incidence,Chiba,Female,Age-standardized,Schizophrenia,Rate,2016,16.6257660223828,19.66096742702998,13.91596806634581
Incidence,Chiba,Male,Age-standardized,Schizophrenia,Rate,2017,18.895383084698043,22.478376467222088,15.693142491920753
Incidence,Chiba,Female,Age-standardized,Schizophrenia,Rate,2017,16.602073004982515,19.62213890128831,13.859432663807945
Incidence,Chiba,Male,Age-standardized,Schizophrenia,Rate,2018,18.947741006638868,22.286863521407227,15.845470580503504
Incidence,Chiba,Female,Age-standardized,Schizophrenia,Rate,2018,16.38795288915861,19.27191833068552,13.838192974691701
Incidence,Chiba,Male,Age-standardized,Schizophrenia,Rate,2019,19.145581590039065,22.399866281432832,16.00122412580158
Incidence,Chiba,Female,Age-standardized,Schizophrenia,Rate,2019,15.925374210318475,18.883028187121962,13.348103236142574
Incidence,Nara,Male,Age-standardized,Schizophrenia,Rate,1990,19.339764601840614,22.984198948370068,16.08100566185744
Incidence,Nara,Female,Age-standardized,Schizophrenia,Rate,1990,16.14624994841354,19.08714923515391,13.591953441801225
Incidence,Nara,Male,Age-standardized,Schizophrenia,Rate,1991,19.372330924921204,22.94720186186501,16.23127734241734
Incidence,Nara,Female,Age-standardized,Schizophrenia,Rate,1991,16.10437991342496,18.968212393825315,13.611301600062722
Incidence,Nara,Male,Age-standardized,Schizophrenia,Rate,1992,19.398770188069157,22.970649684682098,16.291488936472444
Incidence,Nara,Female,Age-standardized,Schizophrenia,Rate,1992,16.067891137244224,18.95716214152269,13.604477400032364
Incidence,Nara,Male,Age-standardized,Schizophrenia,Rate,1993,19.41828560923365,22.98466610981695,16.32851984010405
Incidence,Nara,Female,Age-standardized,Schizophrenia,Rate,1993,16.03855761239717,19.054420221515826,13.555720377191502
Incidence,Nara,Male,Age-standardized,Schizophrenia,Rate,1994,19.430080406363867,23.01775752205769,16.153637877558165
Incidence,Nara,Female,Age-standardized,Schizophrenia,Rate,1994,16.01815333140964,19.016454685275974,13.480274277789222
Incidence,Nara,Male,Age-standardized,Schizophrenia,Rate,1995,19.43335779740899,23.09798644996284,16.033434683116795
Incidence,Nara,Female,Age-standardized,Schizophrenia,Rate,1995,16.00845228680747,19.06516298220682,13.389552639778993
Incidence,Nara,Male,Age-standardized,Schizophrenia,Rate,1996,19.424998490766143,22.940232867592037,16.104652892340653
Incidence,Nara,Female,Age-standardized,Schizophrenia,Rate,1996,16.006734137551536,19.036651618329426,13.43687068064612
Incidence,Nara,Male,Age-standardized,Schizophrenia,Rate,1997,19.40678564991132,22.815604075579703,16.124803999911578
Incidence,Nara,Female,Age-standardized,Schizophrenia,Rate,1997,16.008352329188032,18.98015545742909,13.475179013849592
Incidence,Nara,Male,Age-standardized,Schizophrenia,Rate,1998,19.38527617541202,22.65753669328605,16.167376104888994
Incidence,Nara,Female,Age-standardized,Schizophrenia,Rate,1998,16.012191534120795,18.924344479769292,13.50392341090016
Incidence,Nara,Male,Age-standardized,Schizophrenia,Rate,1999,19.36702696783572,22.65206809095535,16.21760848469958
Incidence,Nara,Female,Age-standardized,Schizophrenia,Rate,1999,16.017136424753648,18.941650643678898,13.441417186734464
Incidence,Nara,Male,Age-standardized,Schizophrenia,Rate,2000,19.358594927749905,22.773480846364393,16.252873694698305
Incidence,Nara,Female,Age-standardized,Schizophrenia,Rate,2000,16.02207167349041,19.045118175261265,13.407070723740992
Incidence,Nara,Male,Age-standardized,Schizophrenia,Rate,2001,19.36137392524281,22.680728473711444,16.223620326975816
Incidence,Nara,Female,Age-standardized,Schizophrenia,Rate,2001,16.03005072716885,18.98536294741189,13.424115046743797
Incidence,Nara,Male,Age-standardized,Schizophrenia,Rate,2002,19.37058925622817,22.703489412651116,16.290977982082946
Incidence,Nara,Female,Age-standardized,Schizophrenia,Rate,2002,16.04335083149397,18.986222857886233,13.458091503165903
Incidence,Nara,Male,Age-standardized,Schizophrenia,Rate,2003,19.383544960011744,22.7832653897469,16.328191144903688
Incidence,Nara,Female,Age-standardized,Schizophrenia,Rate,2003,16.05969235717049,19.06278248829126,13.5213563168472
Incidence,Nara,Male,Age-standardized,Schizophrenia,Rate,2004,19.39754507589929,22.80326411610265,16.273321885048993
Incidence,Nara,Female,Age-standardized,Schizophrenia,Rate,2004,16.07679567490314,19.029817797585086,13.51568088597675
Incidence,Nara,Male,Age-standardized,Schizophrenia,Rate,2005,19.409893643196586,23.060258399385564,16.208071448686866
Incidence,Nara,Female,Age-standardized,Schizophrenia,Rate,2005,16.092381155396623,19.15080525871676,13.514712357180223
Incidence,Nara,Male,Age-standardized,Schizophrenia,Rate,2006,19.423284064204434,23.101471778315613,16.284472725625456
Incidence,Nara,Female,Age-standardized,Schizophrenia,Rate,2006,16.13350514431756,19.056122528567272,13.606665466610641
Incidence,Nara,Male,Age-standardized,Schizophrenia,Rate,2007,19.440578863218295,22.96280549834213,16.319915923759158
Incidence,Nara,Female,Age-standardized,Schizophrenia,Rate,2007,16.21375586138053,19.112739600323973,13.72566678815586
Incidence,Nara,Male,Age-standardized,Schizophrenia,Rate,2008,19.459335762535872,23.058544121856933,16.319332140148184
Incidence,Nara,Female,Age-standardized,Schizophrenia,Rate,2008,16.310651488362222,19.188094848366724,13.801586433036107
Incidence,Nara,Male,Age-standardized,Schizophrenia,Rate,2009,19.477112484454878,23.101868869896773,16.2805508845127
Incidence,Nara,Female,Age-standardized,Schizophrenia,Rate,2009,16.401710207039315,19.324168197438606,13.78648208724985
Incidence,Nara,Male,Age-standardized,Schizophrenia,Rate,2010,19.49146675127301,23.239585993177716,16.27924064800645
Incidence,Nara,Female,Age-standardized,Schizophrenia,Rate,2010,16.4644501991885,19.51051510291204,13.768858981747512
Incidence,Nara,Male,Age-standardized,Schizophrenia,Rate,2011,19.501845999969728,23.115669000702326,16.3587414325867
Incidence,Nara,Female,Age-standardized,Schizophrenia,Rate,2011,16.506528351542617,19.487280370729554,13.814512069110787
Incidence,Nara,Male,Age-standardized,Schizophrenia,Rate,2012,19.504886371903435,23.022221854988857,16.35653590124626
Incidence,Nara,Female,Age-standardized,Schizophrenia,Rate,2012,16.548817486245486,19.50647229125413,13.85397462085849
Incidence,Nara,Male,Age-standardized,Schizophrenia,Rate,2013,19.493928645940283,22.990203388454372,16.345584150190454
Incidence,Nara,Female,Age-standardized,Schizophrenia,Rate,2013,16.58865968819029,19.639290086675008,13.894411386626205
Incidence,Nara,Male,Age-standardized,Schizophrenia,Rate,2014,19.46231360094642,22.936423316807712,16.342052692645808
Incidence,Nara,Female,Age-standardized,Schizophrenia,Rate,2014,16.623397042270202,19.740561396680377,13.912548487784527
Incidence,Nara,Male,Age-standardized,Schizophrenia,Rate,2015,19.403382015787983,22.904640003956008,16.214256094961275
Incidence,Nara,Female,Age-standardized,Schizophrenia,Rate,2015,16.650371633378395,19.765897023017953,13.929825231761788
Incidence,Nara,Male,Age-standardized,Schizophrenia,Rate,2016,19.08708771720552,22.467707518857804,16.117215216140128
Incidence,Nara,Female,Age-standardized,Schizophrenia,Rate,2016,16.60189054865789,19.38135370003394,13.931405435236982
Incidence,Nara,Male,Age-standardized,Schizophrenia,Rate,2017,18.81635548884552,22.35338741014666,15.791768850520384
Incidence,Nara,Female,Age-standardized,Schizophrenia,Rate,2017,16.54000289794375,19.276849575061853,13.90688454454913
Incidence,Nara,Male,Age-standardized,Schizophrenia,Rate,2018,18.897444626722606,22.33932159796337,15.927794510627574
Incidence,Nara,Female,Age-standardized,Schizophrenia,Rate,2018,16.353481118664664,19.05693863932765,13.727520502952256
Incidence,Nara,Male,Age-standardized,Schizophrenia,Rate,2019,19.15817916807664,22.727665927668195,15.917488295389079
Incidence,Nara,Female,Age-standardized,Schizophrenia,Rate,2019,15.966919008940264,18.781316633329073,13.375850389944592
Incidence,Tochigi,Male,Age-standardized,Schizophrenia,Rate,1990,19.24648960223976,23.04348821727255,16.109648990849884
Incidence,Tochigi,Female,Age-standardized,Schizophrenia,Rate,1990,16.096463826032714,19.178022948387163,13.530611857642795
Incidence,Tochigi,Male,Age-standardized,Schizophrenia,Rate,1991,19.254103877970955,22.92777908852995,16.172615465091347
Incidence,Tochigi,Female,Age-standardized,Schizophrenia,Rate,1991,16.045810247392755,19.052923040779277,13.537816089517415
Incidence,Tochigi,Male,Age-standardized,Schizophrenia,Rate,1992,19.26235404189776,22.765060523096878,16.209752821304367
Incidence,Tochigi,Female,Age-standardized,Schizophrenia,Rate,1992,16.00159010131813,19.00072277994761,13.466891336630297
Incidence,Tochigi,Male,Age-standardized,Schizophrenia,Rate,1993,19.27009185020748,22.755674893892962,16.209975289857436
Incidence,Tochigi,Female,Age-standardized,Schizophrenia,Rate,1993,15.965867565115376,19.004435650212177,13.404124191371443
Incidence,Tochigi,Male,Age-standardized,Schizophrenia,Rate,1994,19.276169059087433,22.818644695428166,16.166203948080934
Incidence,Tochigi,Female,Age-standardized,Schizophrenia,Rate,1994,15.940706816091026,18.867026091226474,13.286811990198997
Incidence,Tochigi,Male,Age-standardized,Schizophrenia,Rate,1995,19.279437424724918,22.893579069380465,16.152439686578987
Incidence,Tochigi,Female,Age-standardized,Schizophrenia,Rate,1995,15.928172031551629,18.983993401723453,13.209198814240697
Incidence,Tochigi,Male,Age-standardized,Schizophrenia,Rate,1996,19.284189451675147,22.839177305166217,16.185254156914866
Incidence,Tochigi,Female,Age-standardized,Schizophrenia,Rate,1996,15.926093353212153,18.867142885822595,13.243398145938725
Incidence,Tochigi,Male,Age-standardized,Schizophrenia,Rate,1997,19.29340863626783,22.773080152338068,16.173645785724176
Incidence,Tochigi,Female,Age-standardized,Schizophrenia,Rate,1997,15.929414990636609,18.79144723992372,13.312427898130782
Incidence,Tochigi,Male,Age-standardized,Schizophrenia,Rate,1998,19.303983222352073,22.797628375420402,16.100375629649964
Incidence,Tochigi,Female,Age-standardized,Schizophrenia,Rate,1998,15.935872222905076,18.74360184701636,13.391793687726539
Incidence,Tochigi,Male,Age-standardized,Schizophrenia,Rate,1999,19.312801453776974,23.016307606997355,16.183374378175
Incidence,Tochigi,Female,Age-standardized,Schizophrenia,Rate,1999,15.943200329097623,18.696291835493053,13.331708321128366
Incidence,Tochigi,Male,Age-standardized,Schizophrenia,Rate,2000,19.31675157439163,23.139466396503853,16.135397713444345
Incidence,Tochigi,Female,Age-standardized,Schizophrenia,Rate,2000,15.949134588294335,18.67744327161166,13.24383423947632
Incidence,Tochigi,Male,Age-standardized,Schizophrenia,Rate,2001,19.315112382945074,23.02072683741275,16.141774197071843
Incidence,Tochigi,Female,Age-standardized,Schizophrenia,Rate,2001,15.956362374822215,18.678704521376794,13.287705399919744
Incidence,Tochigi,Male,Age-standardized,Schizophrenia,Rate,2002,19.31071563877803,23.02224554427531,16.152968216765743
Incidence,Tochigi,Female,Age-standardized,Schizophrenia,Rate,2002,15.968193873908614,18.775238931770172,13.378938053297107
Incidence,Tochigi,Male,Age-standardized,Schizophrenia,Rate,2003,19.305779026627118,23.00480327929643,16.237580507516114
Incidence,Tochigi,Female,Age-standardized,Schizophrenia,Rate,2003,15.983298580984139,18.781474526071754,13.402420820397893
Incidence,Tochigi,Male,Age-standardized,Schizophrenia,Rate,2004,19.302520231228964,22.90710503022439,16.241896722716902
Incidence,Tochigi,Female,Age-standardized,Schizophrenia,Rate,2004,16.00034599147938,18.97002540399335,13.340575623181367
Incidence,Tochigi,Male,Age-standardized,Schizophrenia,Rate,2005,19.303156937320203,23.030335898112902,16.14913964745421
Incidence,Tochigi,Female,Age-standardized,Schizophrenia,Rate,2005,16.018005600824942,19.09427730588778,13.287043980145791
Incidence,Tochigi,Male,Age-standardized,Schizophrenia,Rate,2006,19.314250090986363,22.842117862004585,16.23645008376785
Incidence,Tochigi,Female,Age-standardized,Schizophrenia,Rate,2006,16.066763237035584,19.014401505516965,13.400204448257979
Incidence,Tochigi,Male,Age-standardized,Schizophrenia,Rate,2007,19.336836367988404,22.69256932639618,16.261445118126836
Incidence,Tochigi,Female,Age-standardized,Schizophrenia,Rate,2007,16.160320231181917,19.026485777506547,13.517392377552817
Incidence,Tochigi,Male,Age-standardized,Schizophrenia,Rate,2008,19.364847047576113,22.789235709110475,16.27673526537875
Incidence,Tochigi,Female,Age-standardized,Schizophrenia,Rate,2008,16.272169333278335,19.292810661928215,13.638660640959992
Incidence,Tochigi,Male,Age-standardized,Schizophrenia,Rate,2009,19.392213408999265,22.98416987806661,16.422354801858717
Incidence,Tochigi,Female,Age-standardized,Schizophrenia,Rate,2009,16.375803293339203,19.52409716107745,13.657754470554435
Incidence,Tochigi,Male,Age-standardized,Schizophrenia,Rate,2010,19.412866731507638,23.058721555155024,16.377514283691138
Incidence,Tochigi,Female,Age-standardized,Schizophrenia,Rate,2010,16.44471486137891,19.776374470697025,13.702186751699255
Incidence,Tochigi,Male,Age-standardized,Schizophrenia,Rate,2011,19.42788914668273,23.11949105553785,16.47953619752718
Incidence,Tochigi,Female,Age-standardized,Schizophrenia,Rate,2011,16.4859302696128,19.65743720588569,13.825954740547415
Incidence,Tochigi,Male,Age-standardized,Schizophrenia,Rate,2012,19.437229681566524,23.19506958042192,16.487363084943144
Incidence,Tochigi,Female,Age-standardized,Schizophrenia,Rate,2012,16.524161214932782,19.573137383343756,13.876341416936222
Incidence,Tochigi,Male,Age-standardized,Schizophrenia,Rate,2013,19.43311995859955,23.130015760802586,16.32975470458706
Incidence,Tochigi,Female,Age-standardized,Schizophrenia,Rate,2013,16.55942864436805,19.515168484334495,13.913666049692072
Incidence,Tochigi,Male,Age-standardized,Schizophrenia,Rate,2014,19.407791600222346,23.142096069097978,16.224919957852915
Incidence,Tochigi,Female,Age-standardized,Schizophrenia,Rate,2014,16.591753504947814,19.481523536298045,13.898723634737157
Incidence,Tochigi,Male,Age-standardized,Schizophrenia,Rate,2015,19.353476228875444,23.10460980496619,16.09825702340755
Incidence,Tochigi,Female,Age-standardized,Schizophrenia,Rate,2015,16.62115674370126,19.58285156666703,13.906258094224816
Incidence,Tochigi,Male,Age-standardized,Schizophrenia,Rate,2016,19.01829713830865,22.563023791625113,15.906880636749253
Incidence,Tochigi,Female,Age-standardized,Schizophrenia,Rate,2016,16.622233386295076,19.61193562929983,14.00545187195208
Incidence,Tochigi,Male,Age-standardized,Schizophrenia,Rate,2017,18.72679198626894,22.198366463229963,15.614448155819408
Incidence,Tochigi,Female,Age-standardized,Schizophrenia,Rate,2017,16.59903328832984,19.70951889773197,13.826745840913606
Incidence,Tochigi,Male,Age-standardized,Schizophrenia,Rate,2018,18.83226121548405,22.318637373382753,15.823989934508152
Incidence,Tochigi,Female,Age-standardized,Schizophrenia,Rate,2018,16.365815579237914,19.24411026159703,13.817069226535738
Incidence,Tochigi,Male,Age-standardized,Schizophrenia,Rate,2019,19.16366815589803,22.845757937423656,16.235662371505125
Incidence,Tochigi,Female,Age-standardized,Schizophrenia,Rate,2019,15.8727298082332,18.78584639698279,13.288005901668685
Incidence,Yamagata,Male,Age-standardized,Schizophrenia,Rate,1990,19.320211060968163,23.04462662999901,16.08497504504007
Incidence,Yamagata,Female,Age-standardized,Schizophrenia,Rate,1990,16.05243922635556,18.841118547332368,13.42652185775269
Incidence,Yamagata,Male,Age-standardized,Schizophrenia,Rate,1991,19.330063391252384,23.026635587651135,16.1610558816129
Incidence,Yamagata,Female,Age-standardized,Schizophrenia,Rate,1991,16.03910451962046,18.80262571842568,13.459824360692835
Incidence,Yamagata,Male,Age-standardized,Schizophrenia,Rate,1992,19.339369410557328,22.964197114483724,16.266745995533622
Incidence,Yamagata,Female,Age-standardized,Schizophrenia,Rate,1992,16.026978304489504,18.839684459878544,13.438180163643251
Incidence,Yamagata,Male,Age-standardized,Schizophrenia,Rate,1993,19.347464637019492,22.943818820789293,16.255304688050845
Incidence,Yamagata,Female,Age-standardized,Schizophrenia,Rate,1993,16.016872258912603,18.8283816722363,13.473353765432167
Incidence,Yamagata,Male,Age-standardized,Schizophrenia,Rate,1994,19.353684588775394,22.907635473185273,16.332265827879247
Incidence,Yamagata,Female,Age-standardized,Schizophrenia,Rate,1994,16.009598060839657,18.968157240000433,13.569670294395365
Incidence,Yamagata,Male,Age-standardized,Schizophrenia,Rate,1995,19.35736478396153,22.944856431700238,16.27069789651787
Incidence,Yamagata,Female,Age-standardized,Schizophrenia,Rate,1995,16.00596738822057,19.02393069435762,13.557119945905752
Incidence,Yamagata,Male,Age-standardized,Schizophrenia,Rate,1996,19.361452122261507,22.840056308655374,16.3772710924826
Incidence,Yamagata,Female,Age-standardized,Schizophrenia,Rate,1996,16.003684791440758,19.06200414344338,13.528570301973952
Incidence,Yamagata,Male,Age-standardized,Schizophrenia,Rate,1997,19.36764299708648,22.8872166960968,16.411168089068696
Incidence,Yamagata,Female,Age-standardized,Schizophrenia,Rate,1997,16.0004888996767,18.937750330239773,13.485815680734278
Incidence,Yamagata,Male,Age-standardized,Schizophrenia,Rate,1998,19.373397167164313,22.86064324591132,16.31183230326623
Incidence,Yamagata,Female,Age-standardized,Schizophrenia,Rate,1998,15.997242509064886,19.043210912626208,13.464840110712315
Incidence,Yamagata,Male,Age-standardized,Schizophrenia,Rate,1999,19.376174391222854,22.928220207307724,16.332604462634478
Incidence,Yamagata,Female,Age-standardized,Schizophrenia,Rate,1999,15.994808415741813,19.079025546800782,13.376842027877732
Incidence,Yamagata,Male,Age-standardized,Schizophrenia,Rate,2000,19.373434427989956,23.077907757795224,16.269145302553113
Incidence,Yamagata,Female,Age-standardized,Schizophrenia,Rate,2000,15.994049415843985,19.099682888440036,13.314705964571797
Incidence,Yamagata,Male,Age-standardized,Schizophrenia,Rate,2001,19.355943012777043,22.95178714386024,16.2513969990328
Incidence,Yamagata,Female,Age-standardized,Schizophrenia,Rate,2001,15.994650722510055,19.111116849264555,13.344043233789614
Incidence,Yamagata,Male,Age-standardized,Schizophrenia,Rate,2002,19.323373556774282,22.90374629153828,16.17817870619453
Incidence,Yamagata,Female,Age-standardized,Schizophrenia,Rate,2002,15.996128803216102,19.02308822831094,13.43110819335588
Incidence,Yamagata,Male,Age-standardized,Schizophrenia,Rate,2003,19.28654733252761,22.89789978381557,16.20979342870404
Incidence,Yamagata,Female,Age-standardized,Schizophrenia,Rate,2003,15.999093335604764,18.994731553970006,13.490394698322676
Incidence,Yamagata,Male,Age-standardized,Schizophrenia,Rate,2004,19.256285612582992,22.972512337682033,16.160006607578076
Incidence,Yamagata,Female,Age-standardized,Schizophrenia,Rate,2004,16.00415399731869,18.976882431439407,13.475294731644698
Incidence,Yamagata,Male,Age-standardized,Schizophrenia,Rate,2005,19.24340966948637,22.901031552984623,16.15937686122371
Incidence,Yamagata,Female,Age-standardized,Schizophrenia,Rate,2005,16.011920466000493,19.044900717100695,13.510795461386397
Incidence,Yamagata,Male,Age-standardized,Schizophrenia,Rate,2006,19.256936732155975,22.83773707024115,16.118059407312757
Incidence,Yamagata,Female,Age-standardized,Schizophrenia,Rate,2006,16.05906922434797,19.110408665127824,13.559297503467247
Incidence,Yamagata,Male,Age-standardized,Schizophrenia,Rate,2007,19.29022856772649,23.013609706584653,16.122103166986452
Incidence,Yamagata,Female,Age-standardized,Schizophrenia,Rate,2007,16.16066200289793,19.18830635158341,13.567862185402738
Incidence,Yamagata,Male,Age-standardized,Schizophrenia,Rate,2008,19.330623256068577,23.11856532543351,16.153737006178215
Incidence,Yamagata,Female,Age-standardized,Schizophrenia,Rate,2008,16.28488635105162,19.31719379919934,13.662564050310111
Incidence,Yamagata,Male,Age-standardized,Schizophrenia,Rate,2009,19.36545887705288,23.11726219171745,16.203561332425007
Incidence,Yamagata,Female,Age-standardized,Schizophrenia,Rate,2009,16.39992981821029,19.413147594011548,13.707958501709545
Incidence,Yamagata,Male,Age-standardized,Schizophrenia,Rate,2010,19.382073510550054,23.17557543437574,16.22232377224761
Incidence,Yamagata,Female,Age-standardized,Schizophrenia,Rate,2010,16.473979953775157,19.589639115980184,13.740293064155114
Incidence,Yamagata,Male,Age-standardized,Schizophrenia,Rate,2011,19.38973118796286,23.141695934822327,16.262312636427307
Incidence,Yamagata,Female,Age-standardized,Schizophrenia,Rate,2011,16.5065393832224,19.580213787902974,13.833887002923287
Incidence,Yamagata,Male,Age-standardized,Schizophrenia,Rate,2012,19.40034465630043,23.107609601967905,16.272327111101916
Incidence,Yamagata,Female,Age-standardized,Schizophrenia,Rate,2012,16.52425859473598,19.555692529054834,13.948037220609294
Incidence,Yamagata,Male,Age-standardized,Schizophrenia,Rate,2013,19.405225068842945,23.060154315133804,16.270089517709945
Incidence,Yamagata,Female,Age-standardized,Schizophrenia,Rate,2013,16.536046931778863,19.654955891421068,13.98372796820116
Incidence,Yamagata,Male,Age-standardized,Schizophrenia,Rate,2014,19.395683578870607,23.17326749803706,16.217631413741394
Incidence,Yamagata,Female,Age-standardized,Schizophrenia,Rate,2014,16.550813737814025,19.67861497324844,13.933531569143451
Incidence,Yamagata,Male,Age-standardized,Schizophrenia,Rate,2015,19.36303133966359,23.119194325877864,16.152481823214657
Incidence,Yamagata,Female,Age-standardized,Schizophrenia,Rate,2015,16.577468356304415,19.75621487948926,13.89413131451219
Incidence,Yamagata,Male,Age-standardized,Schizophrenia,Rate,2016,19.059883464334487,22.766721033061327,16.00586834995505
Incidence,Yamagata,Female,Age-standardized,Schizophrenia,Rate,2016,16.627584535631083,19.514820710961107,13.905635045287612
Incidence,Yamagata,Male,Age-standardized,Schizophrenia,Rate,2017,18.778173058053433,22.427127980699765,15.616278190246524
Incidence,Yamagata,Female,Age-standardized,Schizophrenia,Rate,2017,16.658334388945704,19.59242549850458,13.780438005418224
Incidence,Yamagata,Male,Age-standardized,Schizophrenia,Rate,2018,18.859067460835835,22.404880783705,15.88082033299475
Incidence,Yamagata,Female,Age-standardized,Schizophrenia,Rate,2018,16.43447297150174,19.332174586558363,13.722792976380624
Incidence,Yamagata,Male,Age-standardized,Schizophrenia,Rate,2019,19.13188882317447,22.59835176397257,15.948589967785018
Incidence,Yamagata,Female,Age-standardized,Schizophrenia,Rate,2019,15.926947396053253,18.90267523455699,13.323956796113285
Incidence,Yamaguchi,Male,Age-standardized,Schizophrenia,Rate,1990,19.256452271602626,22.766454984280728,16.120142320487275
Incidence,Yamaguchi,Female,Age-standardized,Schizophrenia,Rate,1990,16.1000946468263,19.13542450408524,13.454646766552186
Incidence,Yamaguchi,Male,Age-standardized,Schizophrenia,Rate,1991,19.295351718080894,22.785616480502586,16.16179342691898
Incidence,Yamaguchi,Female,Age-standardized,Schizophrenia,Rate,1991,16.06553979412781,19.089049638007324,13.406820930350957
Incidence,Yamaguchi,Male,Age-standardized,Schizophrenia,Rate,1992,19.326092855905234,22.875713296231556,16.175551056244473
Incidence,Yamaguchi,Female,Age-standardized,Schizophrenia,Rate,1992,16.033633967604803,18.950759933215725,13.399019444656837
Incidence,Yamaguchi,Male,Age-standardized,Schizophrenia,Rate,1993,19.348316542130394,22.95467969010802,16.24735662194395
Incidence,Yamaguchi,Female,Age-standardized,Schizophrenia,Rate,1993,16.006521613619377,18.891367773801797,13.374993868502232
Incidence,Yamaguchi,Male,Age-standardized,Schizophrenia,Rate,1994,19.361663633811133,22.935589424788983,16.183290624456
Incidence,Yamaguchi,Female,Age-standardized,Schizophrenia,Rate,1994,15.986347178533592,18.897760405729436,13.444233815583193
Incidence,Yamaguchi,Male,Age-standardized,Schizophrenia,Rate,1995,19.36577498800221,22.986425537082518,16.153378588097056
Incidence,Yamaguchi,Female,Age-standardized,Schizophrenia,Rate,1995,15.97525510870953,18.889442149252677,13.33915794142721
Incidence,Yamaguchi,Male,Age-standardized,Schizophrenia,Rate,1996,19.354894328338535,22.879559090616024,16.18677485608197
Incidence,Yamaguchi,Female,Age-standardized,Schizophrenia,Rate,1996,15.967475623398967,18.882776688696875,13.469111190015848
Incidence,Yamaguchi,Male,Age-standardized,Schizophrenia,Rate,1997,19.329711947167844,22.86976417462474,16.20500094580285
Incidence,Yamaguchi,Female,Age-standardized,Schizophrenia,Rate,1997,15.9574194494901,18.909399402257804,13.456269783157724
Incidence,Yamaguchi,Male,Age-standardized,Schizophrenia,Rate,1998,19.29953855461407,22.833880361013136,16.092107015767663
Incidence,Yamaguchi,Female,Age-standardized,Schizophrenia,Rate,1998,15.947501794799637,18.9337017706331,13.393125317995365
Incidence,Yamaguchi,Male,Age-standardized,Schizophrenia,Rate,1999,19.273684860801172,22.823455994947995,16.08492836365099
Incidence,Yamaguchi,Female,Age-standardized,Schizophrenia,Rate,1999,15.940137867144296,19.008628921897127,13.377645657677336
Incidence,Yamaguchi,Male,Age-standardized,Schizophrenia,Rate,2000,19.261461575853083,22.937465948792237,16.034206374683045
Incidence,Yamaguchi,Female,Age-standardized,Schizophrenia,Rate,2000,15.937742874340776,19.06202740879744,13.363839132943165
Incidence,Yamaguchi,Male,Age-standardized,Schizophrenia,Rate,2001,19.26283272609279,22.902960924020825,16.089848089343832
Incidence,Yamaguchi,Female,Age-standardized,Schizophrenia,Rate,2001,15.942028804829183,19.07270897714229,13.358259674779022
Incidence,Yamaguchi,Male,Age-standardized,Schizophrenia,Rate,2002,19.269785781666684,22.905447156637184,16.17552508564709
Incidence,Yamaguchi,Female,Age-standardized,Schizophrenia,Rate,2002,15.951634821481667,18.99494387414255,13.40075744727573
Incidence,Yamaguchi,Male,Age-standardized,Schizophrenia,Rate,2003,19.27966661843381,22.850684785370035,16.198980640493698
Incidence,Yamaguchi,Female,Age-standardized,Schizophrenia,Rate,2003,15.964366893763053,18.97079401546078,13.417621430361166
Incidence,Yamaguchi,Male,Age-standardized,Schizophrenia,Rate,2004,19.28982111225324,22.936771492012763,16.24649618486941
Incidence,Yamaguchi,Female,Age-standardized,Schizophrenia,Rate,2004,15.978030991138148,19.012585180640162,13.365796321238994
Incidence,Yamaguchi,Male,Age-standardized,Schizophrenia,Rate,2005,19.297595138984015,23.025406845242127,16.217727202366135
Incidence,Yamaguchi,Female,Age-standardized,Schizophrenia,Rate,2005,15.990433083071766,18.981082383180475,13.2733642052147
Incidence,Yamaguchi,Male,Age-standardized,Schizophrenia,Rate,2006,19.3074584725012,22.99179870594111,16.27575083879297
Incidence,Yamaguchi,Female,Age-standardized,Schizophrenia,Rate,2006,16.035160367194713,18.94721368573071,13.424805714090057
Incidence,Yamaguchi,Male,Age-standardized,Schizophrenia,Rate,2007,19.32356808069343,22.938930484583494,16.27016140533198
Incidence,Yamaguchi,Female,Age-standardized,Schizophrenia,Rate,2007,16.127753074608993,19.029079151131082,13.597889465450242
Incidence,Yamaguchi,Male,Age-standardized,Schizophrenia,Rate,2008,19.342800630440134,22.96808246667983,16.331454854817554
Incidence,Yamaguchi,Female,Age-standardized,Schizophrenia,Rate,2008,16.238946724986203,19.134854226743542,13.640016373849774
Incidence,Yamaguchi,Male,Age-standardized,Schizophrenia,Rate,2009,19.362032788620738,22.978380572467785,16.30868072866158
Incidence,Yamaguchi,Female,Age-standardized,Schizophrenia,Rate,2009,16.339476837997942,19.333414449267185,13.704635667545869
Incidence,Yamaguchi,Male,Age-standardized,Schizophrenia,Rate,2010,19.37814122211467,22.9817502867543,16.26915051115949
Incidence,Yamaguchi,Female,Age-standardized,Schizophrenia,Rate,2010,16.400078933315804,19.38457418944618,13.730914492042102
Incidence,Yamaguchi,Male,Age-standardized,Schizophrenia,Rate,2011,19.392883543591566,22.95403711071064,16.351247877389483
Incidence,Yamaguchi,Female,Age-standardized,Schizophrenia,Rate,2011,16.4355243621832,19.384284019343763,13.789623226640165
Incidence,Yamaguchi,Male,Age-standardized,Schizophrenia,Rate,2012,19.404621087583305,22.839033793246596,16.333585104931664
Incidence,Yamaguchi,Female,Age-standardized,Schizophrenia,Rate,2012,16.476323014279682,19.451134421965463,13.903215258293173
Incidence,Yamaguchi,Male,Age-standardized,Schizophrenia,Rate,2013,19.40513610376267,22.817292475927676,16.292452061119114
Incidence,Yamaguchi,Female,Age-standardized,Schizophrenia,Rate,2013,16.516818216931064,19.42937188104265,13.949902296740412
Incidence,Yamaguchi,Male,Age-standardized,Schizophrenia,Rate,2014,19.386210841802452,22.85691116853593,16.21217779163572
Incidence,Yamaguchi,Female,Age-standardized,Schizophrenia,Rate,2014,16.551353297463173,19.422434001850938,13.902220856737896
Incidence,Yamaguchi,Male,Age-standardized,Schizophrenia,Rate,2015,19.339627551375447,22.807585711806965,16.116082230255163
Incidence,Yamaguchi,Female,Age-standardized,Schizophrenia,Rate,2015,16.574271583201835,19.494852578556554,13.889002794157006
Incidence,Yamaguchi,Male,Age-standardized,Schizophrenia,Rate,2016,18.998028922554575,22.490968739045343,15.911473016878228
Incidence,Yamaguchi,Female,Age-standardized,Schizophrenia,Rate,2016,16.591643944406087,19.50373531489333,14.006534905302946
Incidence,Yamaguchi,Male,Age-standardized,Schizophrenia,Rate,2017,18.69527720757033,22.145111721412214,15.644424035807816
Incidence,Yamaguchi,Female,Age-standardized,Schizophrenia,Rate,2017,16.59897992273714,19.562210228789873,13.877387272829376
Incidence,Yamaguchi,Male,Age-standardized,Schizophrenia,Rate,2018,18.790982741873442,22.221716304895036,15.808976467440603
Incidence,Yamaguchi,Female,Age-standardized,Schizophrenia,Rate,2018,16.38249956514223,19.157954294118184,13.787848860259656
Incidence,Yamaguchi,Male,Age-standardized,Schizophrenia,Rate,2019,19.102500654928345,22.537898908954705,15.965837168430019
Incidence,Yamaguchi,Female,Age-standardized,Schizophrenia,Rate,2019,15.901918558450628,18.74332319260438,13.284591519020838
Incidence,Niigata,Male,Age-standardized,Schizophrenia,Rate,1990,19.30236711251883,22.909565965425195,15.970159284443666
Incidence,Niigata,Female,Age-standardized,Schizophrenia,Rate,1990,16.103984045864742,19.09752548113749,13.383656815010918
Incidence,Niigata,Male,Age-standardized,Schizophrenia,Rate,1991,19.302111205634997,22.789639422432067,16.067931404557942
Incidence,Niigata,Female,Age-standardized,Schizophrenia,Rate,1991,16.041139386757333,18.944493972001784,13.38067965763303
Incidence,Niigata,Male,Age-standardized,Schizophrenia,Rate,1992,19.301799335121398,22.710479969469468,16.047271480679736
Incidence,Niigata,Female,Age-standardized,Schizophrenia,Rate,1992,15.988669495667128,18.889096411502887,13.444468977428942
Incidence,Niigata,Male,Age-standardized,Schizophrenia,Rate,1993,19.301456469847444,22.779498472709054,16.142814188632475
Incidence,Niigata,Female,Age-standardized,Schizophrenia,Rate,1993,15.948762093356269,18.816199014585397,13.429045711462592
Incidence,Niigata,Male,Age-standardized,Schizophrenia,Rate,1994,19.30110757868255,22.726979798564074,16.183860501761
Incidence,Niigata,Female,Age-standardized,Schizophrenia,Rate,1994,15.923604900586918,18.788146797240007,13.373614130758547
Incidence,Niigata,Male,Age-standardized,Schizophrenia,Rate,1995,19.300777630496114,22.74949861841916,16.107302289013113
Incidence,Niigata,Female,Age-standardized,Schizophrenia,Rate,1995,15.915385638121213,18.84546858361454,13.336940175412721
Incidence,Niigata,Male,Age-standardized,Schizophrenia,Rate,1996,19.30051318735379,22.755104767674737,16.232418698813817
Incidence,Niigata,Female,Age-standardized,Schizophrenia,Rate,1996,15.927503221226907,18.877988419821797,13.378240148046158
Incidence,Niigata,Male,Age-standardized,Schizophrenia,Rate,1997,19.300322088477497,22.786296253715133,16.245609777952023
Incidence,Niigata,Female,Age-standardized,Schizophrenia,Rate,1997,15.955274845905,18.942277916880784,13.417134939184107
Incidence,Niigata,Male,Age-standardized,Schizophrenia,Rate,1998,19.30017121847106,22.71407404234495,16.228347881414134
Incidence,Niigata,Female,Age-standardized,Schizophrenia,Rate,1998,15.988765654017536,18.973049642317164,13.420213423475067
Incidence,Niigata,Male,Age-standardized,Schizophrenia,Rate,1999,19.300027461938306,22.73868166211236,16.221570163088106
Incidence,Niigata,Female,Age-standardized,Schizophrenia,Rate,1999,16.018040787426557,19.018035001965465,13.452757836687585
Incidence,Niigata,Male,Age-standardized,Schizophrenia,Rate,2000,19.299857703483063,22.84349097604279,16.112736071534563
Incidence,Niigata,Female,Age-standardized,Schizophrenia,Rate,2000,16.033165387994085,19.11346882964279,13.428136094810393
Incidence,Niigata,Male,Age-standardized,Schizophrenia,Rate,2001,19.299231953597364,22.749815987296795,16.227271293177502
Incidence,Niigata,Female,Age-standardized,Schizophrenia,Rate,2001,16.032739215217234,19.056499497256294,13.423267544243874
Incidence,Niigata,Male,Age-standardized,Schizophrenia,Rate,2002,19.29817483848811,22.758569693001288,16.259382943815368
Incidence,Niigata,Female,Age-standardized,Schizophrenia,Rate,2002,16.025465806569372,19.035242296682526,13.451157719528663
Incidence,Niigata,Male,Age-standardized,Schizophrenia,Rate,2003,19.297335166331443,22.816123511591343,16.185413340034188
Incidence,Niigata,Female,Age-standardized,Schizophrenia,Rate,2003,16.016565970876957,18.964298479582887,13.514537376265272
Incidence,Niigata,Male,Age-standardized,Schizophrenia,Rate,2004,19.297361745303515,22.974191372804864,16.155297328357687
Incidence,Niigata,Female,Age-standardized,Schizophrenia,Rate,2004,16.011260516966466,18.93907692959575,13.540821975771062
Incidence,Niigata,Male,Age-standardized,Schizophrenia,Rate,2005,19.29890338358044,23.007509141934037,16.037986019974504
Incidence,Niigata,Female,Age-standardized,Schizophrenia,Rate,2005,16.014770253664356,18.95174583140122,13.507358496849628
Incidence,Niigata,Male,Age-standardized,Schizophrenia,Rate,2006,19.31016989119675,22.971733772469904,16.113600617682504
Incidence,Niigata,Female,Age-standardized,Schizophrenia,Rate,2006,16.06533710059572,18.907853693576886,13.565673595487668
Incidence,Niigata,Male,Age-standardized,Schizophrenia,Rate,2007,19.33413537936395,22.94035223626159,16.160742724289044
Incidence,Niigata,Female,Age-standardized,Schizophrenia,Rate,2007,16.174390355677964,18.989685736921434,13.704997901175297
Incidence,Niigata,Male,Age-standardized,Schizophrenia,Rate,2008,19.363595108023702,22.934334339089556,16.13780660114087
Incidence,Niigata,Female,Age-standardized,Schizophrenia,Rate,2008,16.306931895176003,19.046330260695772,13.755656901631063
Incidence,Niigata,Male,Age-standardized,Schizophrenia,Rate,2009,19.391344337117655,22.960033696436685,16.073847868052262
Incidence,Niigata,Female,Age-standardized,Schizophrenia,Rate,2009,16.427963595354758,19.28166852017322,13.806162424210761
Incidence,Niigata,Male,Age-standardized,Schizophrenia,Rate,2010,19.410178326587452,23.101104174633157,15.942817069980437
Incidence,Niigata,Female,Age-standardized,Schizophrenia,Rate,2010,16.50248733247914,19.451650604511347,13.826226894655171
Incidence,Niigata,Male,Age-standardized,Schizophrenia,Rate,2011,19.42395498890528,22.9721603394162,16.050679503108043
Incidence,Niigata,Female,Age-standardized,Schizophrenia,Rate,2011,16.531869180807114,19.465005474202314,13.904364080831442
Incidence,Niigata,Male,Age-standardized,Schizophrenia,Rate,2012,19.43567163298819,22.872388269709315,16.14994583292396
Incidence,Niigata,Female,Age-standardized,Schizophrenia,Rate,2012,16.545877170168673,19.308029163661736,13.975378511031346
Incidence,Niigata,Male,Age-standardized,Schizophrenia,Rate,2013,19.436832613445148,22.84309728442198,16.251859110515277
Incidence,Niigata,Female,Age-standardized,Schizophrenia,Rate,2013,16.552116110186756,19.423538670447073,13.98113016659751
Incidence,Niigata,Male,Age-standardized,Schizophrenia,Rate,2014,19.418942284885123,22.84099083870344,16.209636160527257
Incidence,Niigata,Female,Age-standardized,Schizophrenia,Rate,2014,16.558190810484316,19.392859851892755,13.913856430371778
Incidence,Niigata,Male,Age-standardized,Schizophrenia,Rate,2015,19.373505001917074,22.751383951373032,16.14927162321915
Incidence,Niigata,Female,Age-standardized,Schizophrenia,Rate,2015,16.57170608068431,19.473221480656456,13.888916231600808
Incidence,Niigata,Male,Age-standardized,Schizophrenia,Rate,2016,19.06367750549038,22.359129494109723,15.976748810700022
Incidence,Niigata,Female,Age-standardized,Schizophrenia,Rate,2016,16.59794554768972,19.507370409920178,14.01162263339335
Incidence,Niigata,Male,Age-standardized,Schizophrenia,Rate,2017,18.78923054462131,22.230204734102077,15.684722720569553
Incidence,Niigata,Female,Age-standardized,Schizophrenia,Rate,2017,16.612375961695047,19.584191157660822,13.843491713758066
Incidence,Niigata,Male,Age-standardized,Schizophrenia,Rate,2018,18.851514177086955,22.230520161117123,15.772897537024054
Incidence,Niigata,Female,Age-standardized,Schizophrenia,Rate,2018,16.395636416966248,19.294769758643397,13.847503451007253
Incidence,Niigata,Male,Age-standardized,Schizophrenia,Rate,2019,19.071231317178675,22.710682698774765,15.821228002197687
Incidence,Niigata,Female,Age-standardized,Schizophrenia,Rate,2019,15.911230146557564,18.76239948475782,13.295739289546788
Incidence,Gifu,Male,Age-standardized,Schizophrenia,Rate,1990,19.374752074946727,22.996949342410215,16.286414727248637
Incidence,Gifu,Female,Age-standardized,Schizophrenia,Rate,1990,16.06055453191066,18.87945467644534,13.416634335545885
Incidence,Gifu,Male,Age-standardized,Schizophrenia,Rate,1991,19.356460648701084,23.034234234801115,16.351238347094505
Incidence,Gifu,Female,Age-standardized,Schizophrenia,Rate,1991,16.0413567087413,18.90192678944429,13.482337036282468
Incidence,Gifu,Male,Age-standardized,Schizophrenia,Rate,1992,19.339408531651646,22.948574229691935,16.34822110488023
Incidence,Gifu,Female,Age-standardized,Schizophrenia,Rate,1992,16.0245013146035,18.944112704085985,13.478153988202404
Incidence,Gifu,Male,Age-standardized,Schizophrenia,Rate,1993,19.324660935199518,22.93474148212286,16.331995739153935
Incidence,Gifu,Female,Age-standardized,Schizophrenia,Rate,1993,16.010715874630712,18.9816299581002,13.498797817682812
Incidence,Gifu,Male,Age-standardized,Schizophrenia,Rate,1994,19.313283070745793,22.91824448299892,16.31961841562397
Incidence,Gifu,Female,Age-standardized,Schizophrenia,Rate,1994,16.000727913956354,19.062923537057554,13.463260439759335
Incidence,Gifu,Male,Age-standardized,Schizophrenia,Rate,1995,19.306340149691557,23.03322138015935,16.253134091848278
Incidence,Gifu,Female,Age-standardized,Schizophrenia,Rate,1995,15.995264957713879,19.13032840707279,13.345125045695445
Incidence,Gifu,Male,Age-standardized,Schizophrenia,Rate,1996,19.29912743329911,22.97232761993541,16.18520618822657
Incidence,Gifu,Female,Age-standardized,Schizophrenia,Rate,1996,15.994714522351789,19.05364597797941,13.44212391546495
Incidence,Gifu,Male,Age-standardized,Schizophrenia,Rate,1997,19.288296905410963,22.922421199899624,16.14364135930555
Incidence,Gifu,Female,Age-standardized,Schizophrenia,Rate,1997,15.997668984553995,18.99266200464369,13.436930709664912
Incidence,Gifu,Male,Age-standardized,Schizophrenia,Rate,1998,19.276948861298564,22.916717629435833,16.1449178872716
Incidence,Gifu,Female,Age-standardized,Schizophrenia,Rate,1998,16.002163159807015,18.887182216622897,13.47935279543767
Incidence,Gifu,Male,Age-standardized,Schizophrenia,Rate,1999,19.268183596233364,22.90972595900552,16.066934920878072
Incidence,Gifu,Female,Age-standardized,Schizophrenia,Rate,1999,16.00623186359739,18.913964207284536,13.407301779996416
Incidence,Gifu,Male,Age-standardized,Schizophrenia,Rate,2000,19.2651014054868,23.02915726047963,15.979412128720483
Incidence,Gifu,Female,Age-standardized,Schizophrenia,Rate,2000,16.007909911411637,19.012382702983974,13.340156788539364
Incidence,Gifu,Male,Age-standardized,Schizophrenia,Rate,2001,19.26965599040364,22.830112448448318,16.012326470787485
Incidence,Gifu,Female,Age-standardized,Schizophrenia,Rate,2001,16.005958571632505,18.8944773886099,13.443053023479875
Incidence,Gifu,Male,Age-standardized,Schizophrenia,Rate,2002,19.279817475721316,22.76660287727568,16.04245985953176
Incidence,Gifu,Female,Age-standardized,Schizophrenia,Rate,2002,16.002625177276038,18.85028079933276,13.384118906854836
Incidence,Gifu,Male,Age-standardized,Schizophrenia,Rate,2003,19.29271079180032,22.689094385212275,16.040618654168988
Incidence,Gifu,Female,Age-standardized,Schizophrenia,Rate,2003,16.001173640778713,18.852062025300715,13.414898687724653
Incidence,Gifu,Male,Age-standardized,Schizophrenia,Rate,2004,19.30546086900113,22.667153452607856,16.104591575681734
Incidence,Gifu,Female,Age-standardized,Schizophrenia,Rate,2004,16.00486787457701,18.786031011180146,13.345984363992555
Incidence,Gifu,Male,Age-standardized,Schizophrenia,Rate,2005,19.31519263768422,22.761018577792555,16.048523348019863
Incidence,Gifu,Female,Age-standardized,Schizophrenia,Rate,2005,16.016971791107398,18.92419284281959,13.352553216925152
Incidence,Gifu,Male,Age-standardized,Schizophrenia,Rate,2006,19.33128447155903,22.67969892438871,16.08806844976704
Incidence,Gifu,Female,Age-standardized,Schizophrenia,Rate,2006,16.070491028929155,18.929716448836736,13.4258109370091
Incidence,Gifu,Male,Age-standardized,Schizophrenia,Rate,2007,19.35989160574742,22.687023247143753,16.22322047694066
Incidence,Gifu,Female,Age-standardized,Schizophrenia,Rate,2007,16.175826284367712,18.973704416385846,13.548374773454684
Incidence,Gifu,Male,Age-standardized,Schizophrenia,Rate,2008,19.393304262728513,22.834503603505297,16.295400021478812
Incidence,Gifu,Female,Age-standardized,Schizophrenia,Rate,2008,16.30233405650879,19.110425210096153,13.747055139146623
Incidence,Gifu,Male,Age-standardized,Schizophrenia,Rate,2009,19.42381266498143,22.865438735597984,16.364002774423337
Incidence,Gifu,Female,Age-standardized,Schizophrenia,Rate,2009,16.419370844438095,19.285291325293503,13.817024157401852
Incidence,Gifu,Male,Age-standardized,Schizophrenia,Rate,2010,19.443707034985287,22.97483571449223,16.41713661187166
Incidence,Gifu,Female,Age-standardized,Schizophrenia,Rate,2010,16.496293147241346,19.509641122133033,13.838858651247477
Incidence,Gifu,Male,Age-standardized,Schizophrenia,Rate,2011,19.46032586617824,22.962600806257715,16.39386634553346
Incidence,Gifu,Female,Age-standardized,Schizophrenia,Rate,2011,16.537686900869264,19.500028731755712,13.879613765197128
Incidence,Gifu,Male,Age-standardized,Schizophrenia,Rate,2012,19.478561078378988,23.00206622063929,16.36881092669331
Incidence,Gifu,Female,Age-standardized,Schizophrenia,Rate,2012,16.5706670834169,19.50470110555256,13.869610562182961
Incidence,Gifu,Male,Age-standardized,Schizophrenia,Rate,2013,19.487033033637452,22.827201354079588,16.31739905790648
Incidence,Gifu,Female,Age-standardized,Schizophrenia,Rate,2013,16.59838375718645,19.60264717790945,13.944773200110115
Incidence,Gifu,Male,Age-standardized,Schizophrenia,Rate,2014,19.47436209400358,22.79680470405063,16.29415203539412
Incidence,Gifu,Female,Age-standardized,Schizophrenia,Rate,2014,16.623986984480116,19.812215982654422,13.940803685998912
Incidence,Gifu,Male,Age-standardized,Schizophrenia,Rate,2015,19.429168621527293,22.881195407115406,16.2600127408396
Incidence,Gifu,Female,Age-standardized,Schizophrenia,Rate,2015,16.650626827600092,19.865227715817287,13.920863651829961
Incidence,Gifu,Male,Age-standardized,Schizophrenia,Rate,2016,19.10659385087807,22.602452497064732,16.02171584484949
Incidence,Gifu,Female,Age-standardized,Schizophrenia,Rate,2016,16.634533133684982,19.612366253775978,13.97787868050399
Incidence,Gifu,Male,Age-standardized,Schizophrenia,Rate,2017,18.805234453743367,22.2718773281652,15.679426172053672
Incidence,Gifu,Female,Age-standardized,Schizophrenia,Rate,2017,16.599181681249203,19.47365042029885,13.812663438993631
Incidence,Gifu,Male,Age-standardized,Schizophrenia,Rate,2018,18.86943572218127,22.36340754477575,15.76832192317531
Incidence,Gifu,Female,Age-standardized,Schizophrenia,Rate,2018,16.387995633492093,19.117105604411837,13.803149827641464
Incidence,Gifu,Male,Age-standardized,Schizophrenia,Rate,2019,19.133395568999724,22.870304902369234,15.944490986759396
Incidence,Gifu,Female,Age-standardized,Schizophrenia,Rate,2019,15.939827634861581,18.97832625789773,13.439662701537477
Incidence,Ōita,Male,Age-standardized,Schizophrenia,Rate,1990,19.33943857066319,22.944663043177723,16.139752198918487
Incidence,Ōita,Female,Age-standardized,Schizophrenia,Rate,1990,16.102948007706317,19.107673862299865,13.456333694234797
Incidence,Ōita,Male,Age-standardized,Schizophrenia,Rate,1991,19.33926326376027,22.941030530526934,16.19557686839945
Incidence,Ōita,Female,Age-standardized,Schizophrenia,Rate,1991,16.05795412829989,19.017173967701726,13.430289743194372
Incidence,Ōita,Male,Age-standardized,Schizophrenia,Rate,1992,19.33843380471999,23.022125765338863,16.220945593966363
Incidence,Ōita,Female,Age-standardized,Schizophrenia,Rate,1992,16.01991130569307,18.92110835269555,13.316215796417842
Incidence,Ōita,Male,Age-standardized,Schizophrenia,Rate,1993,19.337075556189667,23.0800885348127,16.187081148408748
Incidence,Ōita,Female,Age-standardized,Schizophrenia,Rate,1993,15.990312121753265,19.00665927172051,13.314382593963451
Incidence,Ōita,Male,Age-standardized,Schizophrenia,Rate,1994,19.335313880816624,23.059766278531438,16.16971384946867
Incidence,Ōita,Female,Age-standardized,Schizophrenia,Rate,1994,15.970649158347877,19.044789559100323,13.30936650899091
Incidence,Ōita,Male,Age-standardized,Schizophrenia,Rate,1995,19.333274141248175,23.059121156442515,16.070408084623132
Incidence,Ōita,Female,Age-standardized,Schizophrenia,Rate,1995,15.962414997344315,18.951523752275833,13.276566002389309
Incidence,Ōita,Male,Age-standardized,Schizophrenia,Rate,1996,19.330300630975536,22.995913595913976,16.117329643350462
Incidence,Ōita,Female,Age-standardized,Schizophrenia,Rate,1996,15.966928502486722,19.02800438700407,13.266890755936194
Incidence,Ōita,Male,Age-standardized,Schizophrenia,Rate,1997,19.326056724358438,22.948429140393625,16.199679994721535
Incidence,Ōita,Female,Age-standardized,Schizophrenia,Rate,1997,15.980620625148868,18.951614536824106,13.37029125752154
Incidence,Ōita,Male,Age-standardized,Schizophrenia,Rate,1998,19.321146405346983,22.75514356390821,16.146779361211824
Incidence,Ōita,Female,Age-standardized,Schizophrenia,Rate,1998,15.997652078642567,18.914196763151725,13.426950482089815
Incidence,Ōita,Male,Age-standardized,Schizophrenia,Rate,1999,19.316173657891298,22.842089587132513,16.05674413437597
Incidence,Ōita,Female,Age-standardized,Schizophrenia,Rate,1999,16.012183576279654,18.94003582721155,13.410156043154698
Incidence,Ōita,Male,Age-standardized,Schizophrenia,Rate,2000,19.31174246594148,22.841024324770896,16.01371713413691
Incidence,Ōita,Female,Age-standardized,Schizophrenia,Rate,2000,16.018375831371944,18.911549280872503,13.32730747711048
Incidence,Ōita,Male,Age-standardized,Schizophrenia,Rate,2001,19.30253937487772,22.808823077799342,16.125220388722433
Incidence,Ōita,Female,Age-standardized,Schizophrenia,Rate,2001,16.012679951726387,18.805997730999863,13.416452965749064
Incidence,Ōita,Male,Age-standardized,Schizophrenia,Rate,2002,19.286501426687742,22.740024807384632,16.263654297470456
Incidence,Ōita,Female,Age-standardized,Schizophrenia,Rate,2002,15.999290590964263,18.74800862671876,13.428732638625808
Incidence,Ōita,Male,Age-standardized,Schizophrenia,Rate,2003,19.269108350232976,22.729237897517628,16.35136191085554
Incidence,Ōita,Female,Age-standardized,Schizophrenia,Rate,2003,15.983983781118924,18.776283041192425,13.403493406907572
Incidence,Ōita,Male,Age-standardized,Schizophrenia,Rate,2004,19.255839874374853,22.77152728930052,16.3696546535096
Incidence,Ōita,Female,Age-standardized,Schizophrenia,Rate,2004,15.97253555422372,18.77980215300938,13.348594146082036
Incidence,Ōita,Male,Age-standardized,Schizophrenia,Rate,2005,19.2521757279748,22.879063732175503,16.3178702055477
Incidence,Ōita,Female,Age-standardized,Schizophrenia,Rate,2005,15.970721942311988,18.832072962468292,13.29709091996775
Incidence,Ōita,Male,Age-standardized,Schizophrenia,Rate,2006,19.27082851902476,22.903629733943557,16.345377623157432
Incidence,Ōita,Female,Age-standardized,Schizophrenia,Rate,2006,16.029720331767624,18.871162464307186,13.415031550007445
Incidence,Ōita,Male,Age-standardized,Schizophrenia,Rate,2007,19.311865662648238,22.958759148330685,16.360981542309656
Incidence,Ōita,Female,Age-standardized,Schizophrenia,Rate,2007,16.16500372305083,19.05877754180701,13.59871708083496
Incidence,Ōita,Male,Age-standardized,Schizophrenia,Rate,2008,19.361799098404003,23.058227099524753,16.338410511073764
Incidence,Ōita,Female,Age-standardized,Schizophrenia,Rate,2008,16.328791569309438,19.215364716057262,13.73187988135992
Incidence,Ōita,Male,Age-standardized,Schizophrenia,Rate,2009,19.407140765850833,23.145231473100772,16.265560350579243
Incidence,Ōita,Female,Age-standardized,Schizophrenia,Rate,2009,16.473303323691272,19.497063469077798,13.840848748665366
Incidence,Ōita,Male,Age-standardized,Schizophrenia,Rate,2010,19.434402604547497,23.1321135554596,16.314341967455206
Incidence,Ōita,Female,Age-standardized,Schizophrenia,Rate,2010,16.550758439344172,19.74639688044929,13.870062459657497
Incidence,Ōita,Male,Age-standardized,Schizophrenia,Rate,2011,19.441101135235183,23.104088568018557,16.28677236394576
Incidence,Ōita,Female,Age-standardized,Schizophrenia,Rate,2011,16.57397769217816,19.695217776362032,13.890545265025432
Incidence,Ōita,Male,Age-standardized,Schizophrenia,Rate,2012,19.433185792703526,23.03657118913162,16.32460083818379
Incidence,Ōita,Female,Age-standardized,Schizophrenia,Rate,2012,16.588740176445043,19.606218261511536,13.979587705585645
Incidence,Ōita,Male,Age-standardized,Schizophrenia,Rate,2013,19.409817887583994,23.078533895247567,16.25414668952094
Incidence,Ōita,Female,Age-standardized,Schizophrenia,Rate,2013,16.596702822805355,19.508622448430277,13.934211668429185
Incidence,Ōita,Male,Age-standardized,Schizophrenia,Rate,2014,19.370158730508038,22.957348569184166,16.133988410033243
Incidence,Ōita,Female,Age-standardized,Schizophrenia,Rate,2014,16.599522561919603,19.577643954894985,13.934592071737775
Incidence,Ōita,Male,Age-standardized,Schizophrenia,Rate,2015,19.313369632107115,22.938711844488765,16.062290127816393
Incidence,Ōita,Female,Age-standardized,Schizophrenia,Rate,2015,16.598856324448313,19.602249977842963,13.879813735945042
Incidence,Ōita,Male,Age-standardized,Schizophrenia,Rate,2016,19.043339762781805,22.575869417097813,16.029154037752715
Incidence,Ōita,Female,Age-standardized,Schizophrenia,Rate,2016,16.605503624753993,19.464166076588615,14.00810707855524
Incidence,Ōita,Male,Age-standardized,Schizophrenia,Rate,2017,18.815575742593136,22.287245124745567,15.776497948147833
Incidence,Ōita,Female,Age-standardized,Schizophrenia,Rate,2017,16.6063388508742,19.603085147273937,14.036768446617135
Incidence,Ōita,Male,Age-standardized,Schizophrenia,Rate,2018,18.915740872236004,22.39522133546164,15.916876383194545
Incidence,Ōita,Female,Age-standardized,Schizophrenia,Rate,2018,16.391900723904996,19.171851054332613,13.780680519046333
Incidence,Ōita,Male,Age-standardized,Schizophrenia,Rate,2019,19.20768538468891,22.81249308868682,16.02232311496638
Incidence,Ōita,Female,Age-standardized,Schizophrenia,Rate,2019,15.925658816053087,18.77871629685817,13.278113429158223
Incidence,Saga,Male,Age-standardized,Schizophrenia,Rate,1990,19.32455045940243,22.940240702589353,16.210507051728165
Incidence,Saga,Female,Age-standardized,Schizophrenia,Rate,1990,16.094871486792073,19.077184654451983,13.42944503294193
Incidence,Saga,Male,Age-standardized,Schizophrenia,Rate,1991,19.33872957983297,22.921215945659362,16.264675725808935
Incidence,Saga,Female,Age-standardized,Schizophrenia,Rate,1991,16.072360367382593,18.960788710394613,13.483593390815912
Incidence,Saga,Male,Age-standardized,Schizophrenia,Rate,1992,19.350565912140652,22.939768813290243,16.29884195872554
Incidence,Saga,Female,Age-standardized,Schizophrenia,Rate,1992,16.053071533934816,19.036125217350172,13.504792097410894
Incidence,Saga,Male,Age-standardized,Schizophrenia,Rate,1993,19.359466402721342,23.085693076173673,16.267007808107074
Incidence,Saga,Female,Age-standardized,Schizophrenia,Rate,1993,16.037920995478412,19.090198123914657,13.496749908219357
Incidence,Saga,Male,Age-standardized,Schizophrenia,Rate,1994,19.364837997970906,23.186434808792608,16.225090654455517
Incidence,Saga,Female,Age-standardized,Schizophrenia,Rate,1994,16.027824761043064,19.135658973539616,13.421081764408008
Incidence,Saga,Male,Age-standardized,Schizophrenia,Rate,1995,19.3660876442852,23.156161990130077,16.167188314593893
Incidence,Saga,Female,Age-standardized,Schizophrenia,Rate,1995,16.023698839658447,19.184847509150423,13.392423445335373
Incidence,Saga,Male,Age-standardized,Schizophrenia,Rate,1996,19.362512796151886,23.140480219573842,16.198816462136453
Incidence,Saga,Female,Age-standardized,Schizophrenia,Rate,1996,16.025263301072012,19.160108822127228,13.441055265924392
Incidence,Saga,Male,Age-standardized,Schizophrenia,Rate,1997,19.355398553941345,22.946762935812405,16.17330747598356
Incidence,Saga,Female,Age-standardized,Schizophrenia,Rate,1997,16.03026525917507,19.09822537045176,13.502387908892826
Incidence,Saga,Male,Age-standardized,Schizophrenia,Rate,1998,19.34713333287354,22.93591302839075,16.269241074957172
Incidence,Saga,Female,Age-standardized,Schizophrenia,Rate,1998,16.036661289213093,19.02830582256476,13.48405361553058
Incidence,Saga,Male,Age-standardized,Schizophrenia,Rate,1999,19.34010554816844,22.830225891033084,16.275705727877337
Incidence,Saga,Female,Age-standardized,Schizophrenia,Rate,1999,16.04240796643154,18.974620220845853,13.470845522671219
Incidence,Saga,Male,Age-standardized,Schizophrenia,Rate,2000,19.336703615045998,23.01159555191841,16.276702030511057
Incidence,Saga,Female,Age-standardized,Schizophrenia,Rate,2000,16.045461866075883,19.04418738341821,13.447717834139093
Incidence,Saga,Male,Age-standardized,Schizophrenia,Rate,2001,19.334413010944868,22.909139790241817,16.236092825096726
Incidence,Saga,Female,Age-standardized,Schizophrenia,Rate,2001,16.045037466815117,18.97610012796501,13.470650112141342
Incidence,Saga,Male,Age-standardized,Schizophrenia,Rate,2002,19.330527933114354,22.922694854397143,16.186350451183248
Incidence,Saga,Female,Age-standardized,Schizophrenia,Rate,2002,16.042961642907144,18.920504689775022,13.465507599588449
Incidence,Saga,Male,Age-standardized,Schizophrenia,Rate,2003,19.32714987649042,23.04654249479351,16.27708778119969
Incidence,Saga,Female,Age-standardized,Schizophrenia,Rate,2003,16.041109562980818,18.86008896115075,13.440165333497442
Incidence,Saga,Male,Age-standardized,Schizophrenia,Rate,2004,19.326380336009038,23.118130375501174,16.205315330091334
Incidence,Saga,Female,Age-standardized,Schizophrenia,Rate,2004,16.04135639566498,18.877762800728988,13.38918057735085
Incidence,Saga,Male,Age-standardized,Schizophrenia,Rate,2005,19.33032080660617,23.14677725178039,16.215070821113155
Incidence,Saga,Female,Age-standardized,Schizophrenia,Rate,2005,16.045577309588463,18.942480985369066,13.348726531884635
Incidence,Saga,Male,Age-standardized,Schizophrenia,Rate,2006,19.34422666143431,23.217075864096877,16.27421461124138
Incidence,Saga,Female,Age-standardized,Schizophrenia,Rate,2006,16.084231806959657,18.94134148088454,13.439854267538088
Incidence,Saga,Male,Age-standardized,Schizophrenia,Rate,2007,19.367601263091515,23.089052259009392,16.259587767149537
Incidence,Saga,Female,Age-standardized,Schizophrenia,Rate,2007,16.16881865231566,18.989076352808688,13.49370744786654
Incidence,Saga,Male,Age-standardized,Schizophrenia,Rate,2008,19.393918090682117,23.089700920641686,16.285711790553993
Incidence,Saga,Female,Age-standardized,Schizophrenia,Rate,2008,16.27277190777836,19.054383617902648,13.574232926246081
Incidence,Saga,Male,Age-standardized,Schizophrenia,Rate,2009,19.416650623310442,23.05613623029507,16.217698835752092
Incidence,Saga,Female,Age-standardized,Schizophrenia,Rate,2009,16.369525635469643,19.169083220445465,13.644859697212395
Incidence,Saga,Male,Age-standardized,Schizophrenia,Rate,2010,19.42927234008081,23.158579311291685,16.201995190788352
Incidence,Saga,Female,Age-standardized,Schizophrenia,Rate,2010,16.432513897511402,19.37233567168342,13.639606014565283
Incidence,Saga,Male,Age-standardized,Schizophrenia,Rate,2011,19.44063518062706,23.0739809882573,16.33684801586836
Incidence,Saga,Female,Age-standardized,Schizophrenia,Rate,2011,16.47374136123476,19.341721260925233,13.7721682845744
Incidence,Saga,Male,Age-standardized,Schizophrenia,Rate,2012,19.45674088375222,22.907813914408866,16.39302375374562
Incidence,Saga,Female,Age-standardized,Schizophrenia,Rate,2012,16.520011629503983,19.530817666551453,13.83242207394971
Incidence,Saga,Male,Age-standardized,Schizophrenia,Rate,2013,19.466787627314485,22.90001147159033,16.43262206809647
Incidence,Saga,Female,Age-standardized,Schizophrenia,Rate,2013,16.56695716774067,19.57164570011447,13.839192250885926
Incidence,Saga,Male,Age-standardized,Schizophrenia,Rate,2014,19.45997358917202,22.992462165685183,16.419720944154342
Incidence,Saga,Female,Age-standardized,Schizophrenia,Rate,2014,16.610210441366423,19.685177804842183,13.89888112537575
Incidence,Saga,Male,Age-standardized,Schizophrenia,Rate,2015,19.425496947183,22.92429569018052,16.386267739808975
Incidence,Saga,Female,Age-standardized,Schizophrenia,Rate,2015,16.64540391580284,19.874503321780082,13.938656898319897
Incidence,Saga,Male,Age-standardized,Schizophrenia,Rate,2016,19.076009157922368,22.577430109827826,16.101552957710794
Incidence,Saga,Female,Age-standardized,Schizophrenia,Rate,2016,16.649185113616845,19.653917126746254,13.978534795615293
Incidence,Saga,Male,Age-standardized,Schizophrenia,Rate,2017,18.757463490086646,22.457244976096707,15.679584908216698
Incidence,Saga,Female,Age-standardized,Schizophrenia,Rate,2017,16.635827952734832,19.806415230419343,14.005422450506634
Incidence,Saga,Male,Age-standardized,Schizophrenia,Rate,2018,18.847153316155733,22.180385517990032,15.802461455022708
Incidence,Saga,Female,Age-standardized,Schizophrenia,Rate,2018,16.402515309996303,19.493840047342044,13.897112941231311
Incidence,Saga,Male,Age-standardized,Schizophrenia,Rate,2019,19.15435328706719,22.4467712783133,15.949328889619343
Incidence,Saga,Female,Age-standardized,Schizophrenia,Rate,2019,15.892630765121561,18.8489044641054,13.313389481713973
Incidence,Ehime,Male,Age-standardized,Schizophrenia,Rate,1990,19.265093634618797,22.80357516487123,15.985171492697834
Incidence,Ehime,Female,Age-standardized,Schizophrenia,Rate,1990,16.066611418674576,18.97861289247775,13.443799967670294
Incidence,Ehime,Male,Age-standardized,Schizophrenia,Rate,1991,19.287273260390336,22.816863399016686,16.18988267268643
Incidence,Ehime,Female,Age-standardized,Schizophrenia,Rate,1991,16.041223230674312,18.875865650224316,13.494396839679387
Incidence,Ehime,Male,Age-standardized,Schizophrenia,Rate,1992,19.30508953126256,22.8668943349693,16.213471692455812
Incidence,Ehime,Female,Age-standardized,Schizophrenia,Rate,1992,16.017176647112016,18.79390747328913,13.430407753418502
Incidence,Ehime,Male,Age-standardized,Schizophrenia,Rate,1993,19.318353327676373,22.8216626710863,16.26240193722089
Incidence,Ehime,Female,Age-standardized,Schizophrenia,Rate,1993,15.99627587783922,18.8851621230199,13.371707227751275
Incidence,Ehime,Male,Age-standardized,Schizophrenia,Rate,1994,19.32687553007269,22.926099704936973,16.212493671453714
Incidence,Ehime,Female,Age-standardized,Schizophrenia,Rate,1994,15.980325132707447,18.894816139350915,13.3921202763513
Incidence,Ehime,Male,Age-standardized,Schizophrenia,Rate,1995,19.330467018892417,22.92708279437489,16.128560254129646
Incidence,Ehime,Female,Age-standardized,Schizophrenia,Rate,1995,15.971128621568209,18.98415670969367,13.291392014937209
Incidence,Ehime,Male,Age-standardized,Schizophrenia,Rate,1996,19.327209215643627,22.966454666035744,16.248515171217285
Incidence,Ehime,Female,Age-standardized,Schizophrenia,Rate,1996,15.96352328743394,18.990815668284412,13.381188472704116
Incidence,Ehime,Male,Age-standardized,Schizophrenia,Rate,1997,19.317814982721426,22.866028918625286,16.315321532655116
Incidence,Ehime,Female,Age-standardized,Schizophrenia,Rate,1997,15.952936024325092,19.05978028612585,13.353114261847889
Incidence,Ehime,Male,Age-standardized,Schizophrenia,Rate,1998,19.306042361897273,22.794995143155777,16.273062031487623
Incidence,Ehime,Female,Age-standardized,Schizophrenia,Rate,1998,15.942055968605246,19.037319890135905,13.422677736569746
Incidence,Ehime,Male,Age-standardized,Schizophrenia,Rate,1999,19.295649394942643,22.970513537322585,16.166200015692247
Incidence,Ehime,Female,Age-standardized,Schizophrenia,Rate,1999,15.933572256637978,18.997102569439242,13.345637883746127
Incidence,Ehime,Male,Age-standardized,Schizophrenia,Rate,2000,19.290394123628992,22.97385079951529,16.099216575767183
Incidence,Ehime,Female,Age-standardized,Schizophrenia,Rate,2000,15.930174024786865,18.99868868841503,13.304926354239143
Incidence,Ehime,Male,Age-standardized,Schizophrenia,Rate,2001,19.28530173919493,22.95759163346105,16.144482899053177
Incidence,Ehime,Female,Age-standardized,Schizophrenia,Rate,2001,15.93355317383146,18.99292095680443,13.373093230793044
Incidence,Ehime,Male,Age-standardized,Schizophrenia,Rate,2002,19.275501173092696,22.895854317776053,16.160981995352813
Incidence,Ehime,Female,Age-standardized,Schizophrenia,Rate,2002,15.942808332571225,18.95164631686274,13.367467831652252
Incidence,Ehime,Male,Age-standardized,Schizophrenia,Rate,2003,19.264906077414135,22.835771515427105,16.166509751251066
Incidence,Ehime,Female,Age-standardized,Schizophrenia,Rate,2003,15.956738729399646,18.91092253251253,13.375394450190829
Incidence,Ehime,Male,Age-standardized,Schizophrenia,Rate,2004,19.25743010425111,22.852711602908535,16.106010376095288
Incidence,Ehime,Female,Age-standardized,Schizophrenia,Rate,2004,15.9741435927102,18.966313112535342,13.315679018925978
Incidence,Ehime,Male,Age-standardized,Schizophrenia,Rate,2005,19.256986905695484,22.938513604653455,16.036350728039263
Incidence,Ehime,Female,Age-standardized,Schizophrenia,Rate,2005,15.993822150896358,18.86114901994782,13.341427497343169
Incidence,Ehime,Male,Age-standardized,Schizophrenia,Rate,2006,19.272969535165704,22.770586401013936,16.17182950261012
Incidence,Ehime,Female,Age-standardized,Schizophrenia,Rate,2006,16.04853220219919,18.937041749280677,13.364777930577592
Incidence,Ehime,Male,Age-standardized,Schizophrenia,Rate,2007,19.305477050067747,22.80022219764484,16.135833119272803
Incidence,Ehime,Female,Age-standardized,Schizophrenia,Rate,2007,16.15260400834721,19.035764000503534,13.555039255697936
Incidence,Ehime,Male,Age-standardized,Schizophrenia,Rate,2008,19.344482108474754,22.816784572699532,16.207298617225995
Incidence,Ehime,Female,Age-standardized,Schizophrenia,Rate,2008,16.277195492965095,19.195502050019492,13.753168455451977
Incidence,Ehime,Male,Age-standardized,Schizophrenia,Rate,2009,19.37995736845985,22.913149907742078,16.20344583992994
Incidence,Ehime,Female,Age-standardized,Schizophrenia,Rate,2009,16.393464579677506,19.43228756833291,13.812831817096475
Incidence,Ehime,Male,Age-standardized,Schizophrenia,Rate,2010,19.401875488096174,23.074656778703936,16.140355711033248
Incidence,Ehime,Female,Age-standardized,Schizophrenia,Rate,2010,16.472569192109106,19.642729160440464,13.815279946079523
Incidence,Ehime,Male,Age-standardized,Schizophrenia,Rate,2011,19.414349198363983,22.956701569948116,16.19869004533076
Incidence,Ehime,Female,Age-standardized,Schizophrenia,Rate,2011,16.51889486337374,19.650866484381194,13.94269911982092
Incidence,Ehime,Male,Age-standardized,Schizophrenia,Rate,2012,19.424025640706454,22.989959321777476,16.335016242401164
Incidence,Ehime,Female,Age-standardized,Schizophrenia,Rate,2012,16.557037115408654,19.516221896148426,14.054053629601274
Incidence,Ehime,Male,Age-standardized,Schizophrenia,Rate,2013,19.42467908889112,23.017381271350143,16.336924398567774
Incidence,Ehime,Female,Age-standardized,Schizophrenia,Rate,2013,16.58846885507365,19.433304439193584,14.02189538739397
Incidence,Ehime,Male,Age-standardized,Schizophrenia,Rate,2014,19.410083816685525,23.1523146656683,16.36538359694247
Incidence,Ehime,Female,Age-standardized,Schizophrenia,Rate,2014,16.614662989228517,19.604233586246256,14.008172782643904
Incidence,Ehime,Male,Age-standardized,Schizophrenia,Rate,2015,19.374014097857184,23.229883144681292,16.258953757053774
Incidence,Ehime,Female,Age-standardized,Schizophrenia,Rate,2015,16.637092424733044,19.718770289784068,13.97091298615518
Incidence,Ehime,Male,Age-standardized,Schizophrenia,Rate,2016,19.04579346056052,22.602450705188225,16.039815602592057
Incidence,Ehime,Female,Age-standardized,Schizophrenia,Rate,2016,16.60607272912914,19.62363034208252,13.932947895328306
Incidence,Ehime,Male,Age-standardized,Schizophrenia,Rate,2017,18.74833984203181,22.448263755645222,15.68335865825537
Incidence,Ehime,Female,Age-standardized,Schizophrenia,Rate,2017,16.55973896970695,19.59851653249695,13.758880525742379
Incidence,Ehime,Male,Age-standardized,Schizophrenia,Rate,2018,18.850676655340358,22.30162317446544,15.831823792450683
Incidence,Ehime,Female,Age-standardized,Schizophrenia,Rate,2018,16.360384104145563,19.360602622588832,13.730849650661753
Incidence,Ehime,Male,Age-standardized,Schizophrenia,Rate,2019,19.16452774476429,22.81101968653541,15.97698149728049
Incidence,Ehime,Female,Age-standardized,Schizophrenia,Rate,2019,15.938148551037514,18.918243079233275,13.258713573460472
